0,25,50,75,100,125
2502272396,1710841044,1592042252,1589225292,1683625202,1707600083
2162888617,1673015653,1676820551,1733691298,1692468367,1741634170
1766149155,1802220015,1746424835,1716034982,1688165349,1802638245
1828468685,1848816353,1719569177,1671163873,1664519453,1834693232
1894210091,1815556614,1678429284,1682850740,1583966823,1784464811
1675212205,1686004716,1530920365,1532425677,1471767685,1581527176
1598049777,1535878309,1522951059,1416421200,1448156468,1614472342
1591736780,1588997582,1494176610,1478837742,1455090418,1610989137
1669693443,1683770483,1682523220,1645082150,1664032413,1706389179
1875630084,1899820987,1762358672,1804186279,1673946874,1873401180
1913628390,1756753392,1647936590,1687107729,1632223368,1701962103
1734754036,1624802386,1586964613,1493348571,1436073618,1657830629
1629753455,1556108549,1476135923,1436791403,1427251213,1499038389
1570009205,1486233364,1447619781,1447357055,1456088941,1589952527
1603914836,1633157150,1493131330,1542969497,1495331186,1632033166
2981427919,1928587925,1661291315,1708401819,1795428138,1863865259
2056971859,1666442504,1771331311,1745535340,1689915689,1754291580
1968758712,1804617527,1746828240,1619842425,1614388135,1653133405
1927818049,1809979131,1748767874,1645379264,1637572419,1655386839
1887930490,1815602574,1700020255,1643598166,1667517613,1695729177
1796328843,1628170145,1574557843,1535517055,1475379336,1514122349
1623997002,1521843257,1517018443,1479951472,1385041876,1498867731
1700382459,1530056303,1531157083,1490547776,1454775273,1474011478
1651362664,1696152680,1672049826,1633460527,1660286684,1726086267
1971361933,1872049997,1735179263,1668854961,1760086261,1815044559
1890742431,1731063971,1593410789,1653055798,1588174224,1541388667
1823991533,1755800702,1623067283,1581992314,1469693861,1585800033
1724208374,1529001061,1489065097,1420590798,1410471712,1409478958
1588851346,1499154432,1462551615,1477873192,1440165632,1607502570
1770264459,1640473854,1494614323,1478770365,1532885840,1474077384
1610545529,1580436184,1516168808,1352056756,1266067005,1284745772
3322099574,3011646193,2841341220,2831021442,3120731111,3901798441
3225014270,2917941242,2512990993,2713195521,2689701461,3648170829
3152679678,2783496230,2732869446,2595580213,2643074592,3533693890
3330658332,2693840566,2743229641,2805240233,2765421582,3294014343
3347623088,2958048502,2941762564,2934393251,2896408190,3899805268
3558850916,3117242434,2851990630,2663195771,2818854995,3471308160
3093985202,2634403708,2364888125,2702778203,2643077338,3463564705
3368625309,2658996683,2673071431,2711600595,2642525914,3636591371
2946967343,2741443982,2614191551,2604491647,2602677460,3549685796
3521780926,2857260637,2901308314,2856091311,2774666668,3307774240
3210800215,2866836365,2587950907,2759910791,2797193070,3549897359
3278003011,2775485762,2846121275,2883370891,2724989486,3596453276
3439058820,2740276774,2634666343,2699061028,2674641367,3374263296
2973354100,2566833947,2431545235,2621816230,2702914583,3626226478
3449915608,3048185760,3099747301,3110011241,3097374614,3580025801
3201949014,2891378944,2701481789,2737596321,2827419284,3085276705
2048043968,1721220249,1692522220,1759160533,1791263011,1928483027
1871677040,1778921071,1738874026,1689724486,1623571668,1852275555
1782625098,1722377650,1756912021,1719296096,1684386214,1812626668
1879068831,1764385847,1709477179,1648563907,1678892781,1849064850
1866699936,1793264651,1654696808,1657433469,1563263509,1736493872
1749772904,1624892133,1513232234,1512077993,1537937172,1644827408
1580889896,1536878216,1503634276,1408738932,1445684906,1609471484
1599225623,1541734534,1515251570,1494790471,1485139130,1679736080
1692562512,1815087317,1640021718,1649398731,1683831556,1885468955
1883585903,1816759312,1710217745,1739490801,1665136211,1656642862
1820173161,1706329779,1651619723,1570924585,1577028553,1748532785
1720835388,1638885072,1588413095,1477982116,1432525826,1662076554
1612559711,1552516938,1464742999,1395809681,1436462504,1580884965
1564944694,1487907547,1492783962,1449449708,1484598567,1766131983
1632928639,1527461075,1528039255,1548413988,1535012415,1642906166
2999491011,2671073052,2470593929,2609956411,2966113901,3900189080
3204374821,2796912508,2750078200,2788866950,3386536010,4313182279
3412511675,3083759256,3099004366,3104509154,3059660291,4437235800
3276462168,3020733850,3080031204,3116842363,3407597911,4496238409
3330254186,3075118785,3046094580,2836458326,3166472979,3961528322
3029914347,3041736036,3506710119,3218327582,3347207231,4560901755
3413317858,3493714930,3030586335,3176664340,3346190409,4246662813
3430867057,2779347580,3013568477,2665557682,2906251737,4026342181
3028458221,3013593532,3088865265,2974239049,3028232883,3884194445
3215947187,3151140224,3022133146,2862378158,3051300688,4290918083
3192501794,2945510218,3005076862,2919515054,2912001275,3927722559
3116737848,2867559697,2784703827,2716259666,3070568320,3402367904
2845512905,2884082856,2878662078,2759757467,3455509052,4167958839
3386473971,3256253571,3046796769,3189021365,3470722922,4238531275
3229315064,3034755286,3090667949,2816045123,3329959548,4056855216
2522489326,2165519603,2212714749,2162444469,2483399237,3367350229
2323524471,2402099418,2416507838,2489771183,2446434463,3379383474
2419385217,2795141125,2592660945,2227852502,2592318198,3416304920
2795129899,2807014075,2785342567,2582693891,2556458232,3436241415
2627867125,2479740896,2552500829,2615871950,2489041633,3286708853
2772326002,2380233538,2761669695,2568781890,2636155142,3279141226
2907441503,2672361086,2686603513,2906915984,2590245301,3260345430
2776201428,2660587442,2437460176,2566110276,2550446154,3285865638
2660652610,2510002113,2625966545,2528795195,2641474940,3196999791
2705249275,2699347680,2493312168,2820578410,2765922426,3575146883
2886848239,2898959876,2709533176,2839342847,2858367487,3527314324
2677173224,2843645530,2774797827,2772256698,2927603890,3693842093
2871576034,2978108431,3220929987,3212166527,3355031372,4695903968
3623387465,3649515773,3331365323,3308208893,3396382425,4457081019
3209933614,3188775198,3050614620,3049917067,3179602833,4395613451
3365648390,3392997920,3186113017,3064259348,3186500470,3872467382
3724413917,3167139785,3007660650,3028565085,3085758801,3892459203
3817500763,3214616806,3222489687,3363290533,3411799956,4414848825
4252010538,3221842319,3256695599,3287901386,3394880539,4535461922
3972563959,3248909096,3338314840,3342240657,3148141617,3983552169
4113188905,3294662924,3150629347,3379327747,3103264362,4150906896
3392931155,2880061714,2892210785,2601861783,2803543433,3670030664
3128676516,2589865548,2625055359,2579921686,2633341151,3668035250
3535861465,2639103322,2716440728,2904708534,2790952307,3613961706
3389122609,2807781174,2678491634,2592389676,2862035969,3445306967
3683598848,3067066013,2964594686,3099994011,3134427910,3927747241
3524532716,3183829782,2795445490,3027564602,2805156543,3572525632
3351420920,2473964723,2699289504,2875819530,2948952297,3751791266
3538227110,2898570079,2891122121,2750909178,3141238495,3467715915
3353460308,2719971864,2755201591,2641687821,2763128031,3328394581
3144558764,2946023426,2901856662,2730069547,2897517002,3497295412
3701945149,2975812732,2821584359,2916212607,2984810567,3552261388
3347528477,3240396380,3236207289,2976225091,3449517514,4335345130
3248656599,3103695653,2972557628,3138021432,3290105641,4114571482
3165471887,2921120091,3064868541,2983992748,3270106980,4098285650
3422406881,3246762513,3272483057,3135062310,3236038102,4324867819
3429446703,3131640354,2875834093,3250935360,3205279320,3974320731
3396820384,3082134623,3085501809,3535330444,3755798566,4253936790
4084325451,3625903745,3311211286,3274399640,3153824476,4077184696
3284728481,3408613146,2843229879,2840293275,2996563546,3986769731
3433834924,2891854776,2722381796,2816924746,2780174687,3796682926
3546475884,2804821006,2906232892,3154571339,3052754583,3997122327
4159028259,3192053287,3237107344,3250895292,3127655602,4064070031
4103419819,3290029227,3195205652,3278391390,3489953106,4494482514
4859665391,3739202766,3535140969,3626485653,3775729141,4615677675
4217851647,3550001584,3478022271,3263841897,3073752977,3974247348
3994537175,3006807518,2974440911,3156453701,3101138194,4177762595
3587407932,3004687236,2799708856,2637418219,2992866151,4147327479
4395035428,3066494738,2892018581,3012545650,3191675425,3294883448
4386896319,3156184596,3364538246,3339488138,3451323521,3692512064
4913378725,3596435140,3406096265,3388940368,3230561533,3609170273
4813752863,3227451541,3241997846,3336889121,3331308133,3684022178
4566981413,3428092635,3347869699,3163498184,3328257312,3512320500
4118069328,2769663476,2992895588,2866431980,2809668437,3070883664
3723772409,2581541623,2527802968,2648426125,2557772766,2990599377
4130352530,2741640688,2629688309,2785661516,2880048095,2975838177
3909336788,2871858967,2672555367,2696243711,2834826811,2968011846
3980738924,3014780982,2895196527,3045384790,2952784283,3215051183
4323723251,3160668771,2948456509,2919068487,2985328970,3223851492
3807446267,2647543006,2700158437,2871598673,2798642800,3277422318
3930189930,2909379680,2895190266,2747431768,3026481529,3214570420
3670401181,2657942519,2528822884,2449397648,2614999761,2814920720
3699315059,2735677308,2704183952,2990035081,2789073256,3036847440
4445881087,3301579847,3003160231,3135235209,2977331082,3484133426
4421729718,2988827280,3119816744,2980998924,3105522802,3586382674
4369492136,3017017865,3129819937,3053872079,2944790453,3599879873
4260653994,3040338733,3141956017,3180026305,3255627151,3670126764
4555110539,3117759161,3092823250,2955290974,3376394442,3378906031
4155807206,3100280023,2963404243,3199104377,3607486358,3755200066
4622641896,3463620536,3482548545,3179670646,3155449908,3414833495
4493287046,3235896756,3020593695,2944408896,3040950547,3268730297
4092130061,2915938400,2776944246,2586184657,2796365398,2955925976
4356184085,2952253380,2843711750,3032707975,3016104082,3392253143
4720544779,3537324169,3270203532,3491464610,3108292090,3756546887
4617516181,3200526540,3180999932,3356194113,3368177442,3722527276
5499416305,3828291866,3499160813,3689907986,3557746868,3835737753
4756887816,3452961629,3398023671,3211019595,2992554405,3518909103
4479540727,2917840872,2992562942,3069623245,3174899468,3260349768
4434060843,2979298311,2860529369,2652254163,2885373950,3352592513
2142665483,1882774210,2124668366,2063757096,2200343116,2395781777
3240904652,2352800677,2240668276,2471691380,2397763760,2393707153
3402856730,2563275078,2646958754,2515799622,2321204041,2737934483
3469876792,2562117330,2811519508,2644139438,2816535463,2811824393
3485858235,2484980871,2677995846,2520223728,2555812297,3115738661
3156177759,2379509550,2594482999,2521106482,2655066710,2841006246
3388919308,2488711534,2488490873,2900151145,2624232286,2860193040
3286004809,2503576668,2292981368,2461778658,2597276553,2892949474
3262456625,2453673625,2609785686,2475690542,2640800154,2734035475
3132055577,2687713620,2560001621,2706028246,2700442357,3193591282
3257948141,2540984966,2711582478,2974846857,2737591066,2992244497
3324774420,2743749081,2730279835,2762595846,2796141267,3210845693
3400332031,2808537878,3013587651,3240985822,3155664449,3853868827
4392562137,3518538977,3556823138,3223644026,3411942453,3899821745
4403461281,3036882812,3205659375,2989686953,3091037561,3816880241
4277059498,3105200079,3055678707,3265824565,2938849530,3520066956
3598093348,2635011953,2712264598,2614919285,2666562557,3353923314
3810757881,2913406194,2685940765,2781537849,3266102756,3523750111
3881005754,2819145077,2837418582,3148613830,3060562584,3482441210
4155773831,3272825672,3165420226,2997335950,2969066419,3867654416
4101080422,3089661411,2976672189,2923652383,2765683357,3363516942
3981777398,2853924184,3058273668,3202218775,3331948394,3517738617
4821232601,2956058635,3347536883,3039371389,3163245151,3549964015
4271338975,3230355925,2702300513,2975931762,2736872124,3140510957
4329513019,2787507481,2992470176,2843179292,3027878882,3206790583
4020431324,2961884501,3107971217,3014292953,2763844425,3223163350
4296229877,2929937858,2914802454,2899858381,2951043515,3260156939
3784407729,2922410851,2812427582,2743337408,2794703046,3128086246
3515794957,2749876608,2816735627,2763778577,2792701077,3367164090
4298549870,3183412558,3131322151,2969751092,3192453608,3348697063
4552870241,3184948480,3065238591,2836944134,2968695316,3379033875
3629569311,3259836187,3079832808,2984300543,3256307178,4095192044
3387012724,3253700261,3306031601,3490551893,3454089991,4762489681
4039119612,3476789054,3545161088,3384279603,3130755406,4933235694
3584838320,3159950777,3368667752,3456993918,3128719029,4281273762
3598547833,3307312621,3219413473,3371999974,3065809596,4354654893
3217704200,3080502314,2962276852,2817230813,2817702878,3849051898
2781327761,2691966477,2607232637,2520354427,2695025007,4062988749
3006072315,2594176687,2821074651,2942472927,2714513685,3873973584
3188563977,2814492611,2700850991,2680553673,2832792254,3730046874
3388718977,2918649678,3246803616,3041938159,3065267887,4006897817
3323985226,3008194139,2803173581,3013938516,3009373716,3819412042
2996377833,2717054065,2984491382,2918455048,3023799137,3765046765
3313159766,2946054647,2710626073,2982910351,3032958984,3637777498
2638615568,2630698019,2640057227,2606600759,2461142935,3438351013
3194203516,2801350417,2967764195,2730771979,3049312683,3780162186
3691569325,3157370545,2959156625,3233870991,3223906835,4266252838
3357567350,3186292141,3175327519,3083766393,3264274984,4209876297
3254558306,3294696265,3300463884,3098494571,3244820519,4586992150
3363839849,3177923430,2888590429,3333925841,3248689399,4152281976
3135654056,3184707940,3111312656,3496375979,3596682423,4812376358
3694712181,3594244999,3238021900,3010374910,3011157879,4616891065
3299828495,3293876964,2873745939,3043535519,2944204280,4252167377
3191504593,3035824844,2760710710,2777098600,2923754782,4268353757
3152686692,2855887511,2895432282,3137144834,3030700465,4657943203
3568194931,3346838587,3331623465,3249135041,3196788847,4520634316
3583015734,3174449752,3258096396,3192403148,3388735932,5111172312
4327770956,3697770455,3604522618,3477797672,3571227249,4999432388
3800243826,3587181221,3375173943,3130859907,3051608045,4511338999
3405393567,3074792863,3104570718,3117014979,2973462664,4341608168
3625135373,2993785939,2824948631,2670061415,3030938848,4195064607
3422840488,3003898865,3059306466,2958842919,3110536812,3908579649
2165959449,1848282519,2096648248,2157033741,2098550605,2617053233
3116627530,2335785724,2503179615,2620030319,2532710945,3015104920
2927974348,2544532844,2641753877,2522322454,2467385268,3252586624
3215763156,2748326256,2869295974,2665845852,2696950085,3422014982
2795697780,2589021159,2658724185,2666374423,2581316371,3500462434
2635521860,2524288302,2730883941,2575044998,2549565892,3563178579
2790041994,2775803654,2705584593,2929964375,2607262761,3317869820
2553273268,2474415134,2481436189,2580411079,2507222923,3338577054
2691653207,2488704380,2553348832,2631008763,2653532248,3197777941
2746311917,2694082750,2738310426,2863826267,2937359538,3607185140
2460643487,2676730871,2735982010,2740296367,2755533113,3246212525
2828535648,2811798193,2744498011,2827676663,2870821592,3645807589
2829079518,2939037825,2927109190,3234964870,3209578735,4376248272
3816633053,3601017563,3595208632,3412010369,3503123722,4241484671
3332928295,3096100857,3083482070,3126624447,3253043861,4118705319
3367756708,3298663202,3089295924,3118251545,3124666269,3790492032
3019261583,2663765756,2684518291,2629186539,2903176176,3747649490
3235729643,2784291217,2746499483,2788151460,3398000983,4143975296
3504130529,3044196250,2934172518,2928141624,3099022954,4121002765
3768699897,3193828735,3051213541,2903904830,3401910735,4157901204
3582348188,3032392441,3250217417,2914518573,3035810529,3815163240
3178762840,2948347880,3311634972,3202572127,3461878727,4329398182
3772361916,3422690325,3137134990,3166679410,3421286142,4094455328
3818128272,3000230098,2949417009,2762126957,2920622776,3731084610
3391579281,2876221025,3000120217,2913736369,2996101070,3607753466
3373186854,3010353710,2966980195,2855415921,3036416253,4208609733
3283106819,2802060724,3052321375,2788947403,2883751086,3581993275
3252183145,2816361805,2701023113,2744827570,2957459160,3285814758
3051996811,3014962510,2814193064,2736055975,3210448734,4247004204
3518483897,3108487027,2860705163,3130808840,3330782862,4116320309
3602739028,3198961799,3041266244,2886539675,3329459731,4035530946
3603478713,3154085234,3216737517,2979523275,3260270034,4016182387
4128810452,2993721683,2937886431,2875191585,2726624979,2931488219
4283822258,2799087370,2804009446,2569168559,2819709108,2682639282
3918148446,3043546711,2707685196,2717432202,2796481734,2648786020
4036160368,2908004427,2625951992,2778200031,2733645911,2709851770
3659396517,2923467767,2789928188,3036805098,2862235362,2921112221
4302364525,3264786782,3032071715,2832565874,2715556307,2891075795
3758850423,2847859694,2479806623,2522078055,2572906592,2722138271
3918339538,3044256535,2712113394,2743562008,2778233319,2880437406
3677807641,2838294023,2594306299,2705835383,2568764931,2698251693
3862575804,3133312003,2773892868,2884671803,2721936497,2941740230
3457130333,2970105979,2713066869,2637083331,2808222498,2952523487
3581851955,3169392862,2691578654,2816385220,2864778932,2864591401
3665717899,2950024443,2504019388,2623076662,2569945346,2521850425
3389702521,2716947153,2502410637,2511322279,2572460756,2731301359
3913614368,3301167124,2786377427,2823927544,2956289317,2995540638
3374294866,3139172221,3065220256,3117497534,3171821570,4165742832
3232235497,3297173962,3163658685,3406644502,3473363000,4900984823
3808218286,3474396254,3508574902,3270590848,3261960416,5042589872
3346104691,3219736830,3243431339,3340868230,3279732932,4466962643
3624959399,3364024312,3158979272,3400767281,3151632117,4552536824
3022984873,2947008614,2893220462,2740798516,2793479145,3964376303
2558127350,2625883747,2597448726,2499858801,2733854985,4115251398
2901130009,2639780385,2765259617,3018481098,2747847458,4018445317
3074856096,2841202324,2664814024,2863936121,2816841140,3601519578
3160191921,2880033832,2942071327,2939528506,3103543432,3837074603
3371086048,3064731691,2750824342,2846414028,2724053892,3782799824
3212947496,2634496105,2948418237,2911197981,2990736617,3890572502
3393002404,3023389969,2870867494,2999979672,2919498485,3763595392
2644945967,2621516568,2650695705,2784139155,2658072582,3403807387
3199713914,2793923553,3023925171,2770578709,2906953683,3873025569
3282459036,3003806572,2801521897,2780424863,3007932291,4187578745
3781584890,3097064153,2895620324,2981934148,3065722921,3758124736
3880370789,3340674937,3330384765,3502695716,3426489824,4340696274
4326378267,3225411902,3401096560,3264858184,3455454332,4282520623
4200918605,3200247894,3368162239,3413845683,3223949025,3789965433
4207163077,3347567861,3199435408,3238458150,3007785776,3992758313
3718516190,2983114817,2922799814,2759588857,2732168277,3460593502
3209138945,2476940736,2447073354,2546017777,2519102574,3210856765
3918752758,2648482529,2713473489,2702088259,2872571753,3085928021
3806670449,2820190900,2707920979,2625040253,2839251681,3030526149
3911326522,2897007471,2882057606,3115418384,3161237862,3455320204
4004166650,3034839104,2819778394,2867598631,2854564771,3425616718
3632851996,2653801613,2851010646,2842183017,2963957122,3482342566
3809250773,2998887073,2924995443,2907063455,3124886989,3329047830
3501439492,2475819197,2691541396,2497602718,2594458406,2965154475
3583434210,2903732528,2877793060,2892394248,2968952913,3360685298
3853004612,3021710929,2894331122,2868120627,2927700233,3385597971
3817211456,2834973737,2766451526,2489326630,2802939353,3204708658
3612043348,2788229926,2537209616,2725089528,2864197355,2963319886
3846460493,2728066168,2656624075,2756816801,2590292412,2961889829
3596169007,2791145918,2851949714,3035602707,3018552815,3256842555
4011776918,3044260597,3023096518,2596041694,2800805115,3136386460
3431531406,2722029206,2535421966,2549408349,2521382095,3303300306
3539271234,2783018856,2768883237,2739758547,2675886900,2963046523
3436027131,2661988162,2610127946,2706956721,2738801385,3017956408
3823921297,3117211261,2851529930,3001919552,2754991258,3102965833
3326601693,2898398993,2696672336,2680813157,2711698887,3142857640
3651262165,3106861650,2671491890,2903107253,2769079426,3228135981
3511690618,2815256865,2527249217,2661805351,2563341875,3019065318
3425282487,2693876707,2482364019,2694924386,2457043935,3040821966
3751445138,3187693573,2972925967,3003796861,3148756987,3147313045
4185945475,3047263556,2710430766,2793548423,2974286911,3201100062
3929632453,2519366041,2735463154,2600687482,2671790552,3049420035
4015521011,2858833190,2677451107,2690002374,2931143976,3757785430
4255381233,3105299477,3006554725,3068120776,3041209986,3393272389
4260264341,3287226984,3023647961,2935242623,2961118975,3669822601
4334570577,3158749847,2930606246,3134566170,2784119213,3238603150
4111268350,2869360521,3063602344,3377023278,3390094122,3674208051
4710222497,2957778564,3399940584,3041901878,3288623298,3528260212
4333941660,3137331255,2775326050,2898468595,2760920200,3326357275
4077783921,2915382321,2917882108,2820549774,2889116828,3325454269
3953889295,2914733505,2981161923,2923095243,2863731419,3223550841
4191688555,2791512233,2933312367,3143394700,2889242421,3113906148
3994344780,2951980230,2815705472,2799554986,2874857030,3049447428
3846877275,2757456219,2729381209,2808300862,2784618617,3424493895
4457566843,3211243549,3290822118,3071371959,3237348690,3592338795
4351243003,3064510476,3009414100,2831554676,2932278743,3417032172
2421187697,2061894257,2133130344,2112903299,2338733249,2785339303
2692641192,2310295487,2329254428,2621006426,2557088416,3122855127
2789545595,2843890821,2528607395,2435242765,2394771112,3235481725
3108204391,2777705718,2747388300,2659837331,2692460321,3354545203
2842716791,2481236939,2606779628,2354349217,2554878669,3126294137
2892027855,2453206619,2658903283,2502633678,2593919751,3025408651
2985603133,2686864306,2663517718,2960519582,2657083581,3010447093
3069939828,2525205076,2391892569,2424524163,2610076191,2970923865
3112222484,2358218353,2592567606,2507942064,2603650851,2665762268
3048908799,2574515982,2476251610,2657862043,2763810003,2987712192
3434030185,2490910855,2770258281,2907365297,2672013690,2857564805
3577757312,2611225350,2774875715,2772244774,2740164904,2928681908
3669472567,2595236768,2941067601,3000175570,3276832905,3492805248
4803076348,3591706578,3695762678,3353760535,3362412954,3706484499
4650225576,2966909149,3151683949,3114740048,3122162105,3520296084
4376960492,3089527845,2994495797,3184577827,3104727758,3237300188
4152640849,3178993627,2850011038,2963243382,3075081720,3320441253
4117821233,3228409939,3239796191,3336037516,3349945289,4030662707
4551529879,3413811169,3374251110,3322629187,3262642526,3856511858
4729448739,3205611094,3279639910,3330613712,3322845208,3755371250
4436644902,3476277126,3344671744,3197516066,3187888924,3931931212
3912798802,2769507781,2840479484,2754039726,2781463633,3410202277
3391629897,2676350655,2635759383,2543556372,2622283992,3559677339
3684514351,2591100585,2739579827,2791436182,2810127659,3133612834
3432193529,2644031075,2636457755,2520306712,2711670605,2836114438
3911639803,2898382220,2809727890,3052244787,3078497460,3361941535
4181127411,3196195870,2858317069,2763587714,2806120203,3128693400
4037225558,2769057981,2798420073,2879160259,2805762792,3337231352
3809598581,2996781534,2944532364,2812420140,3062511235,3282159095
3600859859,2624956607,2597799252,2467278889,2568344352,2889745602
3582617973,2893944952,2912754719,2941477990,2859690178,3207561427
4036774649,3108668098,2910726209,2894185729,2822106063,3151143736
4389989633,3161093310,3073599570,3148913180,3141866013,3540067566
4263579915,2917075002,2804231900,2940308716,3050169494,3338311186
4467321110,2850707695,3101423541,3285648942,3136538678,3494463333
4226443276,3174129944,3132869431,3057972934,3168491983,3475344479
4458395628,3202007469,3061988276,2944294014,3335079348,3355885890
4449086715,3051633163,3140480224,3282113903,3707726771,3610632815
4956078847,3475958122,3505205047,3347483770,3165766280,3721699041
4223358641,3295889564,3069490726,2919719801,2902245273,3384567680
3940246433,2948150547,2821289187,2787114526,2819779307,3236791003
4290224314,2777772614,2772594131,2960408266,3043500227,3755990102
4780997687,3378849230,3109931041,3341831055,3145334072,3655916562
4465743861,3162842031,3204278093,3314345973,3393369532,3871553068
5298804375,3835589978,3513147487,3647755805,3747877626,4004629765
4637321103,3448422009,3312878161,3245998376,3003440328,3512501948
4599144683,2996691290,3112428580,3217473146,3241710163,3776268597
4175852897,2970435669,2923594082,2608965952,2866548563,3542330408
4510523178,3198520057,2892343544,2918118186,3145067998,3100797355
4528734016,3179980103,3371363503,3369986911,3510991522,3612687993
4861588498,3601747200,3422723733,3423449140,3361670125,3531320871
5113009985,3085093245,3210527171,3335559972,3387489812,3391034744
4594793447,3335886745,3173886158,3121373381,3210738659,3545139307
4431862365,2882900254,2891093366,2857428901,2803545532,2910200983
3860655299,2580243261,2542430490,2686710887,2478033106,2875514839
4238739752,2795615790,2658306735,2763761359,2874954484,2879234122
4094126267,2934227071,2720309544,2679543898,2762143402,2807479440
4037024290,3050623541,2817744734,3147185017,3159982071,3103694502
4481986495,3070945834,2959268403,2835772094,2981282790,2982351842
4057750478,2709587890,2721269053,2880596280,2962031551,3122850689
4024739478,2940378135,2942552100,2672141501,2859033910,3093356589
3893129913,2535155184,2569210595,2546553795,2737215568,2663364799
3615123724,3014136309,2606775595,2901762625,2846819359,2949057441
4315391909,3238400970,3129413535,3162021732,2928603100,3254275113
4330928133,3191728218,3036542531,2985461447,3121665009,3303354081
4554421853,3199743550,2980024052,3186415301,2995828887,3236215776
4431048131,3132472198,3187295652,3247084951,3247190163,3344182509
4544065482,3227974669,3059272496,2954102366,3255369054,3115654025
4385928823,3125178363,3070176539,3075323966,3453166261,3813573541
5141560892,3678022719,3473184537,3313950812,3297982153,3300821021
4408089747,3204843726,3250458507,3006525839,2981739100,3181510593
4221612700,2862380811,2853297246,2719197996,2816855433,3003944451
4466319541,2967406808,2822139617,2911196858,3042384312,3273826904
4744543041,3466555117,3201603954,3224460308,3221946197,3413051476
4548190228,3637642180,3273998073,3368872178,3528615449,3564088469
5602605740,3772692447,3676887886,3641437291,3614998617,3823118314
4955939388,3564059473,3400570309,3366958259,3114362861,3316311472
4699052756,2976419792,3025467425,3039833174,3194034470,3078970949
4566374200,3135084688,2844853616,2638502503,2890523121,3221283415
2114356580,1954054338,2129055699,2214303121,2235363209,2681999180
2991945652,2333416941,2368062566,2448285475,2386901947,2713144157
3258004854,2517513192,2585353032,2577769660,2324450513,2844755619
3380055655,2769600780,2773445444,2731396691,2825920571,2889259594
3168404104,2490875112,2748826634,2462504218,2619138297,3030876721
3158772319,2459964712,2624310444,2558808691,2599133474,2910359885
3233788906,2787821203,2674851655,2913415586,2745300365,3086288044
2941391706,2580938945,2411732245,2529883248,2540659772,3017967124
3043195574,2435316092,2575295948,2560979584,2686245957,2950020788
2982776095,2711460539,2589559208,2752412265,2841903119,3255231589
3064165113,2587723403,2716151308,2969035813,2855770752,3080693207
3255709490,2798323608,2755970258,2820025821,2726396453,3326096030
3176706902,2878114945,2825878827,3084408741,3081153699,3922600408
4272004116,3665234255,3627355072,3191331268,3440450278,4173521016
4261513546,2889391645,3158695725,3016651682,3179448291,3784694645
3955659256,3054909133,3009373874,3436205207,2916505501,3687248770
3367484372,2473548139,2581197759,2556799497,2522132627,3163504580
3888069908,2823253264,2682259384,2777702925,2868017487,3391674715
4392809302,3134106097,2977217866,3070050834,3067984127,3176235971
4332023209,3244160128,3103664597,2963736934,3050918161,3540801249
4490623950,3019975415,3092288920,3049320967,2769150855,3118995896
4174749165,2844199993,2893130744,3331545530,3401259634,3336131123
5049107690,3118468010,3421515210,2990915061,3218857125,3419126868
4446564636,3230874350,2829748408,2996368942,2744620482,2990521269
4195481165,2949341313,2921860483,2859898918,3030100178,3079003433
4024783137,3126174407,3024515220,2916959330,2830705096,3070242818
4491188659,3125037972,2830927157,3015244684,2884170999,2929257142
3982023413,2869327116,2753946147,2783718554,2750829606,2941397889
3602332196,2675014159,2883259781,2761916611,2696556062,3293588436
4349671708,3525630486,3250403092,2953327280,3098407549,3363120417
4510799247,3281313034,3082209416,3104711318,2832649982,3230451973
3914996813,2777938225,2669598239,2555962191,2603993969,2902907589
3872577611,3110972392,2739958281,2731189473,2792025549,3353163471
4696102006,3136153117,3001349438,3076646886,2968621782,3269675089
4500322696,3315401795,2994532036,3081297590,2939857600,3435379241
4778239053,3283106078,3058577968,3297940569,2792050048,3623015298
3794585350,2847620359,3140791528,3293928016,3312079642,3830197945
4555570679,3046270651,3501509393,3099948004,3222235275,3712596499
4271219635,3010119709,2900729908,2824764075,2821918275,3327698303
4081611246,2911476039,2949985498,2879862333,2894587515,3435375709
3854109152,2968572274,2968502606,2960490091,2864835013,3572344941
4202621409,2927543280,3038721933,2929275470,2774447246,3359827485
3735354504,2903894589,2698559893,2789042108,2859376057,3009365133
3717848260,2830286436,2817681987,2763101959,2865762259,3752754222
4083040331,3288278247,3077974035,3022816719,3359983891,3716191447
3950091793,3075082580,3168696403,2947008054,3029481954,3957833109
2117458849,1949057556,2289939375,2325857201,2352787389,2525528560
2531741874,2246082805,2314596401,2449644006,2609455000,2759219772
3197171826,2486677274,2671348306,2563670016,2352486884,2996118126
3377188638,2597001124,2796675312,2554286643,2613613894,2586363847
3585073429,2425002143,2686178059,2470647276,2480080587,2660049093
3576648198,2312357630,2549239997,2570540710,2583867927,2512807801
3709778954,2481237900,2809153981,2753737199,2769479569,2560893665
3609424221,2355111966,2310516780,2468034767,2637287619,2701057893
3317341023,2505065698,2435599418,2457261306,2621446640,2576821464
3388546172,2570301076,2511012803,2686451966,2790829854,2848164473
3616015178,2431455076,2749297551,2753586211,2696002120,2889736250
3712986698,2698927309,2783819360,2804336364,2713616708,2788061100
3688019734,2735326140,3019322573,3098537825,3217046046,3493400121
4764679830,3581660021,3435859224,3367949544,3390633256,3652378734
4770432664,2927201285,3189317370,3131049074,3070803005,3195387799
4573604967,3081213424,3107039763,3123043949,3285736667,3103352020
3237165543,3239586085,3197603648,3023803305,3511633762,4307243319
3151662415,3111400675,3084281295,3013425861,3392134049,4009235372
3222650745,3222616617,3175417822,3135422568,3607215924,3931085640
3097058699,3191653695,3116018367,3155395149,3641428683,4313405064
3103176868,3077926865,2986916777,3339344727,3469190199,4040651044
3191520720,3196941615,3235285809,3577429727,3560857759,4648738991
3514772149,3542414931,3235282664,3291343084,3347315819,4349929034
3148926322,3288949900,2882128715,2993736058,3275703975,4062672962
3131582137,3093366780,2803722348,2890184352,3341094689,3907163998
2860943648,2948490111,2999998445,3013596482,3781582661,4140657984
3330691409,3276042172,3142295229,3312800525,3578884132,4333156429
3352034071,3384498584,3321363737,3326859468,3651779235,5106359061
3860560052,3717959853,3655123543,3622245452,3773282219,4758490595
3649883343,3536803865,3345336582,3146498248,3302740610,4641800861
3074385174,3087863256,3088139642,3246593506,3094600687,4164641806
3055166909,2897629605,2791024870,2669662295,2978214395,4360438914
3967580382,3161678311,3126235052,3055307368,2952316652,3898164955
3762244118,3135425505,3000531789,3173861227,3117097390,3751173330
4003708346,2950596807,3124388629,3077965009,3095302391,3796558857
4094805277,3072251165,3123654675,3146898685,3106355448,3955809041
4010621321,3130512567,2866958808,3108576736,3275645923,3563443607
3997183729,3193519825,3133464097,3350541741,3751919468,4194758642
4503391934,3537389875,3370925257,3391866818,3181256723,3991860446
3909101365,3273515105,3152195596,3007995580,3003832698,3903335558
3469449694,2939502910,2752440110,2746151464,2844867200,3722344457
3696364193,2928980934,3067708932,3065745247,3110089143,4318601398
4022408284,3354181911,3421757871,3093134560,3320121629,4307056964
3917715759,3287677641,3247413555,3192143799,3426728227,4639063626
4461890603,3664402509,3527069840,3533859421,3635683106,4750282007
4127088621,3484250702,3447651347,3228667307,3070261249,4355961491
3502467354,2953436155,3137958481,3195782596,3044131417,4196429128
3529139849,3178539048,2677094803,2568758227,2895162637,4202580623
2889723729,2832736305,2645958433,2684694948,2600560057,3722735283
2996673609,2823924988,2681215252,2834205452,2630914644,3883451796
2889843226,2640001432,2737665191,2760540769,2740474394,3406622505
3148363715,3000853602,3043308878,2927528301,2978530540,4006007751
3358931260,3070638805,2906521305,2723055806,2811598537,3570757324
2997578220,2623130783,2500855094,2535624509,2604004597,3499742223
3243486971,2679412115,2743146406,2693480667,2595439537,3378490792
3146449440,2757020290,2707798547,2535551633,2612155700,3740895125
3251179145,2962479807,2859843461,2798293832,2806492051,3494667706
3142980699,2852663479,2588167420,2636313891,2812881105,3661298379
3261320638,2749371572,2829467798,2801458679,2654363110,3760500930
3194743223,2757107422,2773694052,2780031945,2842616684,3291784023
2862752305,2597816811,2610370262,2582199850,2842082408,3465494600
3250800732,3049313522,2929274820,3014508772,3054561063,3612672671
3076340570,2911973522,2765849675,2782520955,2761032317,3028583092
3186985367,3001622432,2705341335,2806386394,2824893481,3800944230
3171456373,2850553497,2832769847,2951692617,2909534918,3686894925
2807388036,2673688453,2785487571,2778518631,2814636118,3567945298
2909417930,2976126738,3160118466,2826753469,3472955224,3817212957
3320661865,3068851699,2798426374,2776703010,3325464310,3007129574
2772258786,2411207435,2573362498,2496237731,3207527589,3268412820
2990794272,2878553851,2648372986,2665706118,3082834266,3386497354
2923514392,2649418339,2595015321,2568934917,2968737065,3563034430
3101194601,3033583400,2889216052,2742098447,3045915934,3064348256
3057724633,2784232412,2707950775,2622077769,3049732789,3516755110
3152751792,2773610757,2841433624,2817636603,3030208718,3524930828
2927897910,2687754399,2715464943,2645087898,3034044670,3217563654
2727330527,2651356898,2646185510,2552033643,3036833183,3572420737
3255841911,2974242016,3056621256,3063818615,3136949942,3832079438
2986681347,2795992407,2771811975,2799018855,3074356081,2547852841
1799559891,1706704491,1767931610,1720238154,1752291826,1825620293
3503862841,2800983957,2725912818,2774876475,2565629561,3307863507
3496828079,2818595952,2709530347,2661661775,2780612615,3097390647
3687534582,2648043187,2707786236,2775650378,2657005809,3056914265
3583123125,2787054386,2848500293,3033357657,2910656210,3463425505
3755888149,3123107696,3000335963,2869523600,2799799839,3454236292
3251016914,2646738105,2435772668,2539636791,2493054119,3360986492
3373656444,2824845722,2659743477,2759347415,2764199279,3285756274
3133362716,2661828819,2634665620,2559044726,2703038733,3322024041
3677756113,3024370812,2763456912,2942619502,2792502460,3197053925
3199659231,2675968730,2754823782,2698418133,2774899505,3247879475
3400616503,3033654498,2554171115,2891183171,2748459339,3311823368
3443294851,2867536711,2664305125,2636395207,2750017851,3258888342
3052531284,2606558473,2562817662,2651620108,2629866953,3486184000
3434072800,2949669688,2888346403,2860271044,2844614065,3158539771
3624825277,2757014626,2672801329,2641038606,2849632677,3069620716
2622295610,1719383470,1612288510,1898709296,1723586375,1792013964
1930592761,1763125918,1673563188,1643402280,1685369114,1741628171
1833199832,1789206392,1730973281,1696539407,1599768683,1603228865
1826355677,1834457610,1713463742,1664709710,1658782245,1914565360
1953456018,1812951168,1683082896,1621901186,1595607101,1696663429
1686933378,1706406194,1524934590,1519386670,1459031834,1692628645
1675956718,1512350093,1506652273,1468745916,1432615227,1494731273
1608261018,1542065161,1509430417,1490996982,1465375872,1691542846
1718821770,1666044452,1678827441,1618140491,1665260762,1711209460
1973360836,1894468390,1760453634,1669459762,1683543345,1834925371
1894133307,1736678880,1650528694,1665226757,1617729945,1718804013
1809688906,1657620277,1593083530,1541500987,1423848699,1553857615
1630634673,1557730979,1492281486,1439005111,1436097098,1588011582
1651627808,1484459493,1446823109,1439840965,1459077091,1585940846
1688229397,1632800180,1487255892,1473582787,1490138970,1628859818
1689100418,1529940762,1419197505,1381946393,1243332920,1206712585
2900812065,2856008903,2842597917,2797274355,3338300799,3221685778
2855716947,2853352458,2830798577,2961738296,3408239095,3532041680
2630990306,2820126175,2790720100,2602900999,3126582492,3229583568
2849014878,2957858026,2893256674,3118937378,3940598560,3529500045
3049390373,3004574353,2807484392,2821187854,3437652533,3011928715
2641623698,2491065419,2661959427,2547119050,3462348455,3244329021
2671920749,2787653471,2683431716,2654640930,3393140268,2950333947
2803698676,2698973990,2551646850,2626258376,3515660435,3158726978
3040468135,2805777938,2970522978,2659483407,3289842459,3206023873
2951931628,2766381462,2755706209,2817834208,3605269485,3124367954
2935111635,2897894176,2841431160,2636549935,3540314677,3157019145
2686898593,2619558699,2696617274,2628466608,3389908407,2650873928
2684904351,2511536994,2603332063,2614243751,3506834123,3057992269
3060713650,2965478246,3009694348,3228859238,3770343184,2940291237
3103014693,2783190001,2735045068,2914898324,3186902007,2079581689
3209542701,3156259287,3024027605,3115073752,2934313827,4207047192
3024270812,3233564786,3138755271,3477552063,3569809845,5058123772
3655473383,3441907202,3515752360,3321547615,3369155161,5193680244
3231111543,3230149970,3289750432,3385094878,3268988765,4735419583
3464124672,3306354619,3295463585,3312161827,3411659913,4305971054
2856336213,3062176816,2875837277,2779756451,2817563789,3866594277
2577218943,2537173603,2603222205,2436468005,2807497656,4015242570
2821556717,2702123586,2794159083,2927588144,2877163065,3972169817
2927354162,2771218080,2696212681,2760750923,2826165321,3925485426
2920340916,2743591448,3059741144,3039456021,3181202010,4216180137
3027181365,3041831657,2779380342,3027730994,3030703963,3982467747
2933427992,2762363533,2967644270,2966675499,3055349661,3921884614
3212945333,2981197348,2792659167,3078955132,3200807158,3655803423
2665534143,2576861220,2465984453,2743631915,2813347534,3394488599
2889950478,2911193548,2994560227,2893105690,3207408924,4017731653
3138640822,3109928771,2908264908,2993094341,3304336765,3728803447
4332710064,3057933492,2792845828,2677097112,2717201716,2935712335
3132322341,1913425723,1623896578,1737701183,1745868824,1686007908
2093527800,1853176128,1756409176,1750695117,1704302074,1768744036
2027952938,1829229781,1664597850,1640464389,1710282510,1692411681
2016802134,1828313046,1779426381,1666266168,1663086611,1675878235
1841234425,1731585336,1701902378,1637670732,1663794805,1580110317
1783934498,1700974889,1568081107,1494978587,1467293778,1538248231
1782697170,1520281292,1510213790,1476096170,1386687051,1427934729
1700581904,1540273845,1543369849,1486190590,1376169957,1479890203
1770578882,1629400062,1555937930,1631510219,1634410065,1687582158
2038523150,1844242199,1779512673,1709025764,1805021508,1671665457
1936724888,1768598769,1651389311,1597780545,1653334972,1573372914
1766603380,1587210957,1620618136,1577502100,1474158261,1444763582
1742806223,1578039517,1502447726,1429899997,1422061603,1433299979
1703310971,1506739026,1436734519,1451229773,1417148645,1469928282
1776990017,1570669842,1550017271,1486910363,1534324175,1527259712
3463363044,2807027670,2632557563,2774433184,2803783178,3406525721
3547840953,2617754366,2839772634,2852724793,2664354958,3219916669
3374356436,2707674405,2842753062,2970769367,2827880921,3538143566
3588859150,3036910072,2903032870,2621553569,2706014517,3244703773
3360076898,2616342917,2454217793,2662310502,2514973386,3367139074
3447764185,2839888812,2719805576,2780667834,2684938129,3182809931
3350936250,2804554852,2700502036,2584174822,2831856300,3155946336
3556471542,3065009497,2794905989,2931461104,2707248751,3193692238
3258225170,2881184266,2763420448,2746848072,2833393476,3501989322
3347238378,2756127468,2730770623,2899829285,2616634129,3424751449
3367755335,2820953422,2635306253,2693139546,2531734617,2947263709
3214631347,2699983303,2462421814,2647556775,2570458562,3160927464
3812258030,2934202453,2923082480,3074199330,2930544712,3338639779
3612148879,2870729259,2634801546,2709283896,2984959740,3153552958
2321730103,1704284631,1687145418,1810130080,1755292249,2002613948
1923372219,1752547956,1734638787,1622104243,1618366897,1962975834
4732646941,3134040628,2822995565,3091422891,3113923125,3096820718
4734920888,3140452995,3398447747,3257799571,3325598471,3480828249
5305276129,3502036661,3340918842,3367258167,3268338116,3450356711
5396551906,3193196475,3069060575,3327973536,3476509357,3311738755
4633580156,3396081231,3232978434,3194171214,3230176994,3041533446
4430869433,2889431803,2954554874,2905618462,2834896638,2845617053
4196581613,2516044906,2510334152,2651930500,2459057352,2780604179
4452918491,2687407941,2576393183,2702260858,2946126323,2730098255
4145792588,2831825839,2641753702,2732709306,2678181866,2663343555
3989655975,2954065186,2807198562,3033154678,3023682324,2970954449
4287825151,3208879285,2956739431,2750342921,3033474776,2824241192
3964598626,3060221491,2557426935,2979052164,2923386182,2995714399
4194950125,3285394202,2798108191,2746589239,2880393664,2984505715
4094086462,2561627224,2434543834,2592168542,2698501738,2539698119
3486470108,3048696472,2737865836,2970958324,2742184955,3067715012
4344989166,3752167837,3164237283,3036593066,3184479081,3155657617
4422783436,3254295734,3106554089,2928004154,3103073303,3153264504
3903434089,3616829158,2875389223,3194175090,3203231538,3279486164
4527901878,3459288661,2970151314,3290552491,3180059911,3158001250
4530942489,3554451972,3235434730,2781157656,3234982685,3212677950
4412253173,3220893402,3088074684,3065623225,3484930207,3553921233
4687643390,3852580927,3536132277,3134650620,3337994475,3435086580
4854708921,3227389368,3193530087,2847595395,3007043421,2987946205
4304710955,3216850454,2943886205,2823195971,2831855604,2935487561
4574070528,2989250300,2866716202,2932046567,3094035926,3092672448
4885555967,3455055585,3276447145,3276267394,3242705968,3209524609
4758614375,3618607192,3143909670,3346631361,3488810659,3401018709
5516691402,4050485781,3710451928,3587678036,3659209864,3679118620
5197341132,3348881723,3366406167,3173142846,3099919899,2983933477
4762813172,3182221180,3020767403,3190497650,3227883604,2906166753
4411646852,3784336036,2709397960,2600332832,2763355939,3052954539
2539290975,1763549762,1988128830,2043629561,2165642154,2441543149
3273254770,2235881657,2362013925,2432829682,2418239882,2516640248
3401551692,2514573475,2703223478,2553815325,2318285618,2764667313
3698879377,2580297080,2795381190,2771941635,2775315364,2398369086
3725375213,2477767656,2669416919,2451078990,2701517192,2781328402
3471899892,2364978428,2525500861,2642241935,2498902734,2648227252
3649543570,2660113276,2641057792,2763087507,2734962270,2668496766
3404917201,2422774397,2474095812,2386573279,2496565629,2409043452
3632975675,2187597509,2336853633,2459703062,2636416946,2667048933
3497265115,2437250149,2507566795,2668805439,2722122512,2684199010
3683316137,2386481768,2586365758,2658989200,2938778181,2817276179
3639662832,2577389141,2685992387,2665588566,2682300457,2658273847
3740806118,2860293257,2938795013,2950094958,3117745153,3175773076
4638075848,3859926111,3564621619,3551700119,3380970191,3306100836
4680910583,3248583569,2966744435,3056615652,3121635081,3147713487
4560000219,3304808009,3093914867,3020771818,3030646296,2875287482
4016451263,3044978528,2568470908,2665681762,2683804582,2601402385
3453522274,3437804751,2717262993,2691806539,2777600989,2994988210
4063545721,3957771209,3060617430,2957387100,3192296833,3021904701
3694491285,4043865134,3287741236,3049933183,3187382497,3178384053
4304619547,3688745114,3034784972,2936109927,2991688797,2802374733
4073513092,3253638907,2925123191,3233810916,3201824582,3343333901
4384059860,3777147566,3066087066,3185582218,3084915356,3271229707
4023953563,3886795787,2770098734,2916440562,2742265523,2690239815
4073656817,3539240458,2899772332,2983556143,3003270189,2916135870
3867293029,3454020072,2912036586,2981663720,2868186900,2889119195
4232024197,3652171006,2885123358,3196173523,2962004452,2761518248
3980248924,3103919485,2807713863,2705829420,2765892438,2920362659
3719954914,2890261680,2902733177,2793809165,2646943603,3007954504
4250929719,3446633688,3047894284,2950036093,3131074103,3255664476
4235700074,3443784769,3149074645,2962768010,2926603693,3103505710
3947885743,2768297386,2775293751,2616560598,2846077250,3077006269
3615309225,3020802687,2648054379,2716197716,2883708272,2928592987
3948347797,2743359461,2652988829,2793087744,2642448182,2868962658
3552264998,2831848394,2903644406,3091865877,2839078018,3078931917
4205778223,3012979702,2988290218,2783403595,2772300569,3017385983
3473789506,2760514326,2477846762,2597070780,2472555095,2993801607
3639494460,2874810709,2729530200,2649276875,2677955348,3044238849
3595142136,2871445165,2635778366,2737187490,2577370628,2904287965
3966641663,3072522466,2780396654,2795631244,2709781342,3029095790
3599389138,2771666799,2805772314,2719191575,2838965236,3092598298
3815387760,3101728310,2655137675,2912615584,2865242123,3065222286
3734258318,2986133295,2755018428,2681965003,2661465745,3283601740
3200677435,2588056578,2501051430,2589991089,2683804200,3331666239
3663703947,3002959425,2895664917,3103366304,2905447914,3464621811
3575130517,2664392167,2692809185,2624805482,2894024027,3086782506
4152459054,3012738015,2963694660,2907157239,2808150981,3062438809
4225128308,2962718133,2818806895,2646134420,2809133150,2863512391
3697732357,3065966991,2723207044,2813128556,2859912038,2689525088
4141444942,2694926277,2723626966,2848234197,2720530616,2786469108
3649843264,2772261785,2815165229,2996263427,2797732227,3090145762
4167849733,3185665242,2998219086,2833029198,2797100058,2958602655
3608970850,2903689986,2467004187,2550884962,2514705929,2886192128
3897025881,2753001840,2651406943,2581364908,2712415759,2689737801
3694343567,2783238590,2640121897,2715710176,2636021297,2657560157
3932570672,3136376333,2806314663,2767923676,2691842367,2689918284
3425768561,3086214473,2795883467,2624738952,2728238310,2873800453
3878907339,3205220057,2685651377,2777580841,2852116438,2695860210
3737925757,3066610820,2664297015,2693510481,2721430681,2867498012
3352418396,2825677739,2570545192,2519946475,2690953887,3022271678
3636649760,3181511019,2875237245,2893812468,2999388047,3081190699
4008066081,3026699639,2756897003,2822713593,2775979752,2870031529
3619989970,3199897179,3400720795,3371101594,3598699181,4492362124
3889546380,3250859115,3495748877,3223442172,3306426269,4746145424
3795883030,3296709406,3471507948,3365116422,3188894179,4207245952
3871895328,3329282192,3193471096,3242907554,3067415164,4311723313
3335794193,2937460636,2900126897,2736154517,2781685534,3794487762
3007409888,2611951036,2491141001,2547793535,2656165544,3918932383
3248325729,2665351556,2732423398,2791590164,2657143465,3697475663
3287485755,2750172437,2676361883,2691911110,2872950758,3595024705
3455028218,2943784700,2916386386,3079246936,3110693904,4003635709
3531158096,3136640047,2733438626,3003085836,2839579083,3683326343
3306068954,2702700417,2969576522,2869464773,2808030000,3723020986
3499983134,2930124452,2913065242,2917834507,3135815123,3620846011
3000607971,2558178986,2679920908,2656874612,2587298225,3282216005
3159701176,2761731081,2888381866,2750707527,3165173737,3634353166
3234436227,3037445237,2782996553,2895289112,2943647676,3456540598
3796189645,2904142531,2597154975,2710920139,2712631093,3452608535
3683850928,3082494120,3004618839,3006117909,3147304226,3679473366
3473092898,2952027501,2660889089,2692297784,2700053899,3608704647
3332412614,2835662316,2745802484,2942811942,2654691227,3735328598
3143601140,2645377466,2838714261,2815743869,2767244569,3530222279
3001569472,2947143920,3069030627,2911501154,2923615448,4219911414
3268824817,3031338308,2876151638,2688579020,2774617583,3649293775
2945882208,2609217926,2530190958,2567416885,2702014192,3697993994
3014748397,2720418694,2704028157,2705381562,2647275599,3672004391
2860948589,2758050860,2757259001,2643724358,2598160642,3855449106
3192216415,2951208200,2865276104,2815839245,3024583429,3307943354
3206780712,2859791816,2623552403,2670594249,3061278727,3468711283
3057851003,2708988471,2780081321,2857761094,2833454825,3676673466
2982273580,2858627125,2729611840,2682035584,3068700706,3225137946
2826481103,2614772249,2618641387,2567597377,3059167445,3544171985
3220829402,2954306554,2989900967,3068661110,3116671233,3808702290
3018600574,2790188562,2853806047,2799626403,3041295048,2645408085
3950199573,3142685633,2839589191,2847977532,3110180051,3631994632
4011176709,3156376370,3339991531,3448118712,3427052151,4183728519
4599233911,3384405557,3378690652,3468317915,3253088634,4184877051
4310158337,3231870349,3231076055,3329750912,3115099295,3701818148
4493426988,3500936330,3269437560,3376098293,3141049398,3966600073
3615823419,2904687878,2801261392,2878703604,2837507233,3709981668
3004016223,2624893519,2615018692,2604220379,2648163163,3861085074
3312734506,2633551858,2701276095,2711532858,2730299852,3211044348
3516052372,2817390406,2669345031,2640812504,2781680103,3301305750
3715719799,2952220338,2890200773,3138989067,3127419876,3673829830
3731079722,3255104352,2890453127,2949773353,2744068218,3520206447
3452999413,2675138964,2942801180,2842914294,2770705354,3586164567
3566506978,2967140117,2877055703,2788998813,3067388872,3398107629
3305036686,2571264456,2686824257,2634704236,2640456519,3140794356
3424325590,2865609501,2924911713,2904736644,3004646210,3519929674
3476413050,3246633766,3056737885,2892051798,3281707441,4339507259
3319543042,3111383895,2864557276,2974047781,3138543953,4066832386
3428466281,3071610193,3128290740,3015049322,3167800621,3880433420
3524769202,3019343732,3062339045,3121601994,2913631137,3957901863
3895266503,3214675523,2894193957,3178167889,3080919537,3854931161
3746206295,3207983524,3024448865,3387723485,3626552108,4358298568
4333748522,3614123478,3137439900,3440770292,3117947729,4358823207
3524826544,3422848124,2969626530,3047972090,3083009543,4123181205
3357255963,3109754006,2726604426,2754970071,2864191711,3910544700
3519817235,2927224279,2902955416,3083085506,2959056512,4461408333
3780025221,3391951281,3326167655,3203884157,3298068790,4439847799
3769121357,3228407431,3153627401,3259547310,3333605345,4957392411
4402873699,3801903594,3608968613,3581011754,3745408814,4842724633
3882051830,3463400785,3346854408,3212532404,2815528070,4128350415
3574279154,2925077085,3080763893,2913135911,3008197400,3874101776
3939181260,3019305846,2823475557,2623207422,2904012587,3747900531
2256222957,1989282853,2189172238,2267424673,2426868681,2872304488
2416021102,2263113453,2378545475,2453776973,2490945394,2843712411
3020726406,2540970629,2647907686,2488021058,2365546790,3081513593
3345965162,2668319058,2883427405,2692915406,2792460898,3085968937
3077267863,2572566796,2700609156,2607897367,2755386678,3467349304
2622220410,2399958908,2653630883,2645153231,2560595311,3471718042
2912083873,2704452830,2720012139,2951773462,2730022342,3256433741
2590864940,2463253370,2367850838,2557451476,2520403420,3048866751
2878010931,2490434197,2571838019,2539089849,2656349682,3014928850
2914094324,2576436933,2658649147,2790014587,2829863975,3319895704
3062572554,2571339487,2717068813,3037037568,2845144343,3238923603
3217360080,2738423358,2725060686,2759488720,2820541630,3382280836
2877737064,2952149308,3067819539,3070638800,3134349433,4291516584
3822780120,3650797681,3615756757,3298011002,3340724519,4278259299
3533125262,3057287346,3034281701,3029915509,2837521754,4438384903
3724462912,3113361388,2956369652,2956976677,2875033351,3821776392
3209671419,2747706814,2655128962,2611350489,2963981190,3569132666
3215158614,2779325050,2764210020,2777113555,3188906187,3959843661
3683994868,2985767434,2921644283,3097850682,3212646152,3537225192
4095445032,3225888438,3150088471,3204014027,3598233452,4486257583
3556848202,3060033372,3062898571,2916937827,3074235519,3893371836
3210627592,2966262062,3435003725,3315931960,3454763098,4433493753
3470086539,3405027826,3143257190,3243788232,3242959967,4269335145
3613825470,2931558504,2932363211,2660274412,2859116178,3937819866
3055443232,2903140268,2933323411,2971544566,3070753956,3764751284
3397255796,3029981402,2906085877,2835062996,3098434058,4058722142
3530770668,2949473976,3124373089,2984541361,2889817975,3687941645
3165741947,2785208061,2737533480,2627128489,2784480167,3331798189
2998834314,2954957388,2772402310,2701442810,3130869559,3904290529
3644761705,3395348782,3105334105,3205143249,3296728470,4285346534
3579029222,3119432392,3014613548,2895532103,3274466092,4169949036
3262996584,2728924341,2682325709,2668125997,2850949360,3786103822
3156239160,2749462296,2737093790,2758068201,3191220744,4043968589
3674411493,3087075499,2947731236,3115823416,3167185140,3588801049
3856758282,3187515562,3224598874,2891292234,3213503473,3919262316
3778691347,2949304709,2993578564,2855810944,2740798066,3722661420
3790255185,2980630808,3303275787,3320422357,3342739819,4076998687
4052936458,3122212222,3179846592,3096349075,3286222736,3905588307
3997601173,2992592356,2950729209,2739883340,3236975156,3642754928
3410763766,2841427194,2923772071,2840054514,2899570623,3438875738
3674166403,2861658812,2988207591,2946151032,2918982514,3699991334
3972905951,2906392203,3056101348,2928810526,2786820749,3423165404
3594739209,2911948066,2734912293,2711796447,2872057648,3095807557
3568725273,2798315315,2768624963,2688758194,2702738517,3787565557
4100921982,3220723504,3171534847,3061540548,3214201765,3620351460
3955695692,3173712793,2948375458,2753883641,3031562027,3577248595
2211223633,2153864265,2345174090,2179365745,2241475204,2713879209
2657769496,2329701640,2356799676,2429479216,2526132233,3009575682
2857016467,2648497411,2687820791,2493604070,2444559739,3336755263
2687082380,2712245434,2742983467,2678310559,2638481310,3171087308
2993521803,2507412413,2669324653,2656183713,2534198635,3169412455
2904398326,2431081696,2660003964,2558213979,2615184763,3134248324
3067427149,2741599221,2614948394,2860804215,2692561614,3170618478
2814766850,2584941463,2453772462,2546480644,2760886249,3166672323
2813850038,2515515847,2534131550,2626229837,2702299210,3068482317
2797954130,2680018503,2544226847,2789665084,2807391902,3427305361
3026672418,2660740055,2793184352,2779761372,2836917314,3322700112
3009127670,2772863033,2765474403,2733181813,2496461589,3448047377
2882605009,2803234725,2906292879,3174422470,3132097504,4184981276
3964967696,3496727838,3560035770,3318342237,3388134740,3814131932
4150809182,2957013213,3083000007,3079297622,2972696154,4016280941
4004055123,3460492454,3051886442,3464506242,3017791240,3572841144
4324260213,3187017459,2924617307,3129628581,3103278711,3423328041
4052018347,3111289978,3319929962,3367764402,3340081463,3856254012
4779598589,3519223796,3589669307,3301233212,3417522169,4074929721
4418018478,3061858095,3184954734,3403149988,3192745747,3633065943
4473056870,3260092544,3335186654,3226671687,3219682519,3628989471
4046767424,2826193128,2868959033,2794657210,2818654133,3232516434
3571830212,2619408194,2610600684,2672239224,2498670553,3298636839
3856965055,2657888388,2727617203,2782333234,2884407463,3269477349
3594667275,2889065075,2726208471,2632461100,2838636003,3104599382
3856510059,2970801528,2868171483,3056143523,3060385936,3652364719
3889226594,3260674372,2915882610,2974672766,2969656515,3487637515
3465482465,2758108192,3033199782,2941523175,2930399270,3953342388
3635098858,2945445779,2880035534,2919595067,2990385496,3788179541
3127725551,2616953188,2673568639,2877015949,2708959995,3514464864
3124295552,2734969671,2944157707,2743853410,2981523490,4027073188
3188159319,3047538414,2792594086,2782898922,2933741091,3846231772
4371685861,3228026474,3033000039,3139599469,3185589589,3788806763
3962718939,3054139832,2981801753,3078574890,3082916417,3670997628
4223470374,3040815513,3120502341,3120459042,3114822955,3718637277
4280302285,3075160747,3272749381,3112333299,3194666018,3725859176
4260419793,3195924253,3001679795,2954763557,3046481382,3485549044
4098980107,3067117934,3019223301,3279741346,3696951518,4028383327
4679724881,3557990264,3414342147,3448718060,3231775588,3795150120
4042614129,3149901377,3073936137,2907724151,3027270362,3667404898
3704597078,3018510348,2877363293,2774488195,2846384701,3537785195
3920367866,2862311640,3065051629,3138325223,3029019349,3799696400
4382150789,3251697859,3281121251,3245278616,3215155830,3946057421
4163813958,3253871277,3188147188,3208407818,3386478015,4319197964
4932151355,3816130622,3597158681,3550739730,3621174898,4398281250
4547220951,3488187404,3470228917,3255211269,3027542010,3903122413
4147592010,3017663697,3152555709,3231524862,3022090556,3864543633
3857679715,2977690540,2741419118,2628992980,2999058037,3974965355
3629324819,3169104595,2977819101,3187770477,3187874076,3799896132
3643671202,3068830267,3161407708,3201096020,3190123489,3737373739
3595783015,3067576889,3192201317,2871594525,3213172747,4049701050
3778435385,3102876651,2935700167,3176049537,3078981298,3750898236
3906539000,3265318269,3054359922,3394793895,3752123367,4298857150
4300459772,3578403907,3233098605,3327126246,3181871442,4149436828
3695671283,3307430589,2933399860,2962989945,2881749997,3794400254
3672162454,3010956931,2689326733,2804570343,2948874404,3521560406
3861344333,2837055077,2882817023,3050093306,2849286844,3699655971
4510429005,3374913285,3220769146,3332486993,3207823177,3677691601
4489820064,3270323330,3190317037,3290236836,3404413625,4122684222
5052869051,3869211662,3508726864,3599980440,3712803718,4294626066
4381922344,3407420339,3341820707,3324094103,3047336271,3727201306
4452243276,3026718776,2969989893,3122569473,3006100458,3530255818
4289116143,3027004980,2817956311,2738696565,2907077839,3374369631
4117129018,3124040363,3160366343,3173878829,3036700272,3825581725
3756648066,3340485509,2950073762,3157265237,3143137370,3910966709
3967819032,2997143664,3173111732,3156760414,3013435593,3976265213
3778171441,2990840452,3264860133,3081970645,3361001591,4366670588
3706740518,3190440097,2909134630,3154465645,3128864752,4006358215
3485468774,3238718632,3148472016,3533297458,3910125169,4609998196
3895041659,3664249832,3263736351,3155614215,3403348147,4442422640
3309129716,3353783742,2900689734,3068175643,3118455233,4041632671
3127361702,2919705670,2729867279,2861755096,2864823028,4243216899
3083424618,3000164458,3131519271,2880286090,2992814729,4713084063
3415398899,3403831271,3316338796,3224470653,3288565051,4512693504
3556519275,3230424364,3322133824,3395099675,3385764639,5327474197
4127954355,3714003707,3558425158,3451064539,3565903969,4962357586
3823041800,3438372499,3451840328,3136836122,3207788734,4501807062
3331559100,3137652302,3027393619,3233951049,3274293235,4511072728
3066462072,2841976090,2576084813,2829784502,3150495520,4366202637
2119303200,2364741186,2193996866,2188002714,2519574221,3221976899
2322714488,2350067116,2421895420,2572476865,2573655575,3336893446
2509296230,2539341442,2685095312,2316568795,2513913868,3331349888
2684315138,2590357854,2804797268,2633098392,2645390314,2820760300
3172238523,2309760818,2612605811,2439609880,2584040373,2876051193
3436518362,2313049424,2513925057,2568242915,2628894265,2730611585
3504278827,2706221102,2616792857,2806107914,2688867681,2922154836
3174417605,2321799947,2345836865,2374095077,2629817455,2851746115
3342344304,2462453098,2571532092,2411985192,2587259309,2740539235
3378192935,2603853690,2627579501,3001140864,2725568764,3046699527
3288757026,2573073182,2768329009,3026551040,2784731104,2921282604
3289777766,2617975032,2747871698,2764189544,2678104816,2998138052
3527777614,2706333611,2981750885,3129515757,3277148870,3782473099
4597519840,3533892321,3439754263,3481989945,3326853265,3829467213
4225685076,2930389616,3134138025,3168321480,3148536075,3214689741
4580280355,3290772565,3117599611,3395320253,3015811136,3412473503
3855978585,2735509730,2763219401,2668653651,2714583532,3482614236
3802401543,2850738236,2747637602,2730388007,3204378615,3907480980
4033009700,3152652068,2982650805,3109635328,3223844414,4041954912
3701974749,3172674902,2839021165,3102673782,3366997207,4130313382
3621084316,3067064490,3025780299,3055874295,3084475130,3563329590
3357497151,2996991465,3320411254,3116357538,3437128854,3969221832
3897073314,3337414925,3234515017,3157330620,3448181738,3978550048
3878499958,2911724815,2930725282,2615188026,2841605365,3256274872
3845580927,2924888237,2964142824,3006761290,2803831775,3588948126
3557442148,3009632041,3002864267,2830543501,2933724913,3910860088
3781363979,2907591539,3093395049,3028009315,2776870923,3526280508
3568729344,2863727759,2754605991,2811849350,2843383041,3187952991
3481364620,2919791726,2760278252,2739779070,2980636814,4015697994
3965095017,3251790656,2968206929,3101032382,3090040779,3985234078
3813411797,3252599154,2981203877,2918436265,2950846383,3605020973
2724865329,2833627507,2699690139,2679175532,3198739292,3648899745
2905252394,2723925802,2696224735,2727451348,3504573308,4230728484
3047484665,2970988618,2951988336,2828962825,3281628086,4068074503
3454405982,3285431951,3163638959,3058364408,3497028722,4707791219
3076748982,3143767149,3039426614,2757236307,3233988247,4043074521
2893488660,3156414984,3362156130,3349614913,3449224942,4570987225
3234230790,3583897071,3220234095,3360333795,3660000584,4106318266
3051184492,3022201266,2899165789,2724842770,3200580496,3856982530
2877555958,2823221913,2997328709,2757656202,3299064612,3774272505
2976024827,3382022388,2918892670,2726504991,3089037244,3926473510
3138896415,2964969010,2910795741,2824057262,2990990166,3829858589
2944302738,2800695898,2769816548,2771821196,3074257753,3705354938
2853877274,2880214115,2837589254,2720882736,3399151990,4368383502
3284842180,3315565467,2985290798,3207385562,3422472718,4454576553
3240749828,3086219422,2962134655,2907437025,3392551161,4297339243
2293917948,2113946061,2286698761,2177297253,2443134484,3139870944
2585279985,2371775583,2435306623,2552226339,2662001602,3505826980
2466416790,2822624832,2664621375,2270118462,2740414463,3595842589
2673245891,2897283088,2817257762,2666055248,2507572459,3776354306
2570707343,2717970433,2567171353,2680369079,2659991602,3679773291
2435518857,2567169667,2686486949,2564362365,2560862708,3581714472
2578275060,2818618607,2803884716,2716752440,2623567991,3391480928
2422591075,2456495274,2458840484,2602022353,2550774527,3454285422
2567334034,2489461243,2487653240,2508290557,2509960780,3300198204
2697760251,2678218166,2597066445,2746009050,2676206526,3521538254
2805782747,2856180949,2769662977,2804984367,2826120343,3594009291
2663677628,2822510910,2878248688,2763486692,2896754142,3668367352
2718981152,2968874656,2930802755,3165246999,3307398437,4574267106
3703458024,3626702853,3637403058,3509541160,3578518645,4553808100
3091374703,3244454740,3113604838,3057540911,3213970369,4588817843
3207119124,3228230809,3373820257,3033551898,3522502582,3861277697
2575180371,1967282106,2047083944,2164024285,2229516601,2746451505
2871784133,2395391000,2414341386,2573932152,2600753016,3269805397
2818275892,2709218036,2597566320,2359897193,2720910690,3519108275
2779892233,2847844137,2746143410,2570221890,2505462027,3697528739
2654261770,2616664036,2609648284,2653887359,2618698492,3600015830
2529032673,2575063925,2707078951,2634463710,2618209354,3611814111
2654775626,2874434848,2810551394,2915637902,2846118613,3314062774
2498773941,2490643034,2518668709,2555896354,2708143448,3073971417
2437313011,2425396714,2411257827,2449184281,2648860134,3201922737
2409222876,2633914189,2565306999,2932473681,2851401394,3386153834
2529852113,2565511445,2680372226,2728665013,2750055245,3396319681
2946523727,2747021558,2556339438,2653190283,2718093489,3353854282
2719620245,2715285586,2850477349,3279073935,3200084706,4164526052
4021485747,3519597672,3560139567,3298031020,3309325886,4210530093
3893861526,3058291118,3181222981,3035478999,3021672432,3910322275
3614481988,3080076449,2998824050,3288035311,2916075689,3753549633
3496969828,2617082946,2653505940,2671082398,2906378602,3522835573
3340642910,2729041888,2750511151,2711742661,3015164388,3356757809
4155309927,3128448526,2905798564,3089365636,3049164282,3707997024
4298768156,3252921780,2995258519,3167316805,3038731377,4134197008
4040850546,3134460304,2949611904,3137464552,2825140051,3727683833
3666374493,2999739440,3116809812,3303562885,3366050144,3842723297
4341254566,3087297820,3238242526,3023800340,3281604310,3854504884
4240330444,2986947122,2972469000,2819786254,3078364589,3542146469
3701777713,2890401486,3044133864,2872038288,2938139790,3693508601
3576677296,2950161884,2894147810,2979961497,2926461453,3937469834
3746069540,2950175292,3130248721,2875464416,2852110001,3623468269
3419563706,2890775399,2732378417,2805626687,2949659709,3329250453
3223754249,2924261620,2837008101,2652222975,2921416676,4044885682
3715386150,3333154953,2974455411,3207343081,3315589233,3854193803
3759083919,3113767756,2962406533,2863485421,3241329703,3877506280
3800195194,3291123477,3042292143,3001956411,3345004248,3936425985
