55,57,59,61,63,65
2791444843,2941573249,2796691968,2904232505,3478063503,3807030360
2921097350,2815585966,2860995809,2846976761,3014056077,3893921624
3338383377,2923949154,2963564811,3206056223,3156305617,3592191417
3067577601,2817316965,2798286768,2907997748,2927090053,4194955955
2992187953,2611635161,2709365227,2805180780,2832631743,3606491160
3017151934,2613079625,2756765875,2470555134,2810117002,3591340927
2717979572,2585007755,2652878768,2782652461,2978955717,3618708609
2864970803,2733896738,2853189819,2818792311,3122711433,3643648594
3278998682,2983309109,2760915732,2956345823,3066500642,4152769226
3160900328,2980507785,2910957821,2958623868,2860303643,3979527256
3072415324,2726606932,2797377208,2712021920,2638761027,3780029461
2855026604,2557245859,2522515098,2582921664,2738739568,4100222498
2970218592,2713269029,2774351811,2734715314,2676312215,3460693442
2960530025,2642524119,2457086804,2740207842,2550685769,3889328532
2843555957,2493485750,2927805469,2982686486,3184361711,4101964632
2754294853,2792768250,2949174192,2626351997,3495053637,3538007220
2738047663,2759828923,2803444931,2722635744,3483685673,3499391989
2799422763,2912218002,3157459444,3163156204,4011843914,3799081239
3006246872,3274827910,3129691937,3028379049,4147920778,3552539237
2986032050,2809325720,2835003472,2778721864,3425875744,3183049952
2456812351,2688806097,2585532343,2618575987,3355785627,3538564362
2875014433,3022003825,2687396124,2763857384,3463418655,3375981392
2498971016,2664734954,2702802741,2980036975,3853935943,3280833214
2838600046,2834936109,2656553110,3033989647,3955042762,3356138592
2725439104,2638276122,2876274000,2864676688,4250701924,3252794989
2961160425,3019697286,3372792074,3361386312,4431132366,3407952720
2954594294,2883689272,2891169100,3037514205,4166491466,3102175166
2706198416,2662363656,2537714890,2664386591,3738240718,2963732438
2590513990,2468540085,2538543434,2430629908,3510445859,3508941887
2545010283,2557115087,2625007726,2664369856,3740511357,3749580878
2724014534,2846004085,2817219613,2830777001,3817204688,3430268953
1985926454,2052736938,2067703335,1996895356,2063532480,2171323123
2679645948,2575432666,2253646727,2402917436,2103636381,2821915342
2483087090,2288697227,2179119832,2366240310,2499013787,3278610124
2387123332,2408919282,2555512838,2421331629,2349995634,3449814940
2407794525,2322871006,2330074801,2497023419,2438436831,3193472874
2669580205,2326560989,2400529055,2391561163,2317723208,3069947665
2433897603,2438373902,2348725351,2272902029,2488694952,3049761755
2593065627,2320091719,2453588231,2792125149,2772978823,3614938868
2410341161,2354114472,2464335727,2370123403,2311654211,2974992974
2517662031,2482286886,2457336266,2417771834,2512621329,3666073006
2715109366,2558398284,2452842277,2756658671,2593523658,4093658255
3143723066,2994633676,2987572718,2990820322,2948356414,4264647479
3505542215,3236532233,3245320773,2990851978,3344303076,4155476822
3096728221,2867085923,2884970121,2822779279,2879073141,3354913876
2895166117,2471001563,2474841764,2551393683,2455800766,3435376242
2801782152,2429361442,2456178910,2701916612,3080547124,4328611249
3368838665,2974378957,2924199999,2860640051,3011877777,4206302358
3142563200,2935146532,2849073389,2917549172,2897598695,4290228323
3069075826,2660853272,2697250739,2646684093,2843429075,3587049112
2993997495,2681094510,2500392043,2628999702,2561283843,3446196386
2777257291,2573474577,2539960130,2555892275,2883164793,3797514360
2807653619,2570451619,2603764237,2837069513,2773373160,3665249140
3178348638,2783766533,2837648313,2916384607,3053806339,3907768407
2811368817,2565677724,2448881916,3033561175,3091470947,4190822170
2900242681,3086874054,3019349772,2950743807,3057073097,4475926448
2931454071,3066233785,2829750351,3149349654,3103663905,4552838409
3005677953,2842618848,2772199879,2685015265,3408038987,3533799196
2564041653,2728307094,2898299182,2717924898,3359775181,3522189786
2728359669,2699036145,2749689083,2818760611,3588222878,3927276544
3134437613,2886484069,2933930928,2942456475,3780055143,3982825703
2965127094,2775327408,3065859925,2931978145,3566472023,3529291044
3926416073,3026613182,2928936232,2958592806,2804335796,3809791112
3715497487,2905847594,2861452427,3006416262,2879886014,3833742773
3692017403,2695440484,2560478983,2672168776,2772745290,3260827098
3388386778,2533590120,2519567657,2630602756,2593390959,3241742072
3214923969,2523166596,2485619552,2491451812,2744316929,3357014660
3481418089,2467106611,2553349493,2743514599,2786899599,3261234350
3395046889,2958676779,2616209180,2743900104,3068313890,3173539562
3343776367,2545381301,2410857476,2742640071,2770495552,3376801630
3920917548,2933931843,2908942280,3052169643,2932768238,3509305957
3808578305,2688125910,2938859716,2850154868,3101711237,2958902695
4337093055,2871618193,2736576628,2680476040,2769264848,3001896389
3564135835,2646885710,2599930517,2748672782,2600678003,2831420491
3794634447,2871023023,2729314129,2789689467,2741541528,3135416054
4123156740,3217502522,2967909584,2783313801,2812564844,3174220496
4388596933,3130613781,2706605957,3040542328,2922147111,3008041894
1891235982,2161629686,2169957185,1981530313,2044080039,2258277264
2498986754,2345716290,2239085656,2250161009,1994279796,2407296389
2520918050,2343585366,2033024992,2416043475,2466521760,3082155119
2620199817,2498980409,2555311334,2572188255,2380153610,3056510568
2786347762,2229637638,2322468004,2593046581,2383964828,3151483988
2694036387,2297444342,2243741062,2339350705,2210582677,2954839112
2482183162,2319918986,2395617241,2304015248,2386410723,2821156183
2674433749,2199091181,2392109957,2677554097,3011844217,3601835041
2770454459,2309769783,2447480267,2359912745,2403953469,2804337681
2772230697,2352953893,2363597970,2344667017,2447153418,3221928877
2950129747,2526317081,2398927539,2671546472,2600358023,3753197307
3638891711,3072715257,2932636079,3025564513,2912878139,3876145294
3808885294,3042879306,3193362191,2982814231,3139409130,3590354801
3785824254,2766373297,2683816898,2867652686,2761686423,3069143204
3638981730,2439425089,2562014646,2442248148,2467141552,2991522065
3013488922,2475464058,2334145669,2608166665,2851027037,3809041219
4173918766,2965546389,2810187190,2825267123,2918144685,2859302911
3961639298,3317089487,2839218626,2912287453,3128141852,3121038680
3845700793,3489881085,2862297098,2890606349,2935660335,2951112751
4157916382,2980929847,2632623345,2679546626,2859234786,2830299529
3564967179,2876492338,2660548808,2639772468,2393947258,2824426618
3645578343,2720253086,2597396385,2653787931,2610609526,2774822739
3856580901,2681811695,2636964093,2825096098,2805840925,2929624016
3808148471,3349656649,3013066456,3021781281,2808206344,3194935935
4182690592,3176814353,3024856103,2902734481,3006238793,2861464432
4189337158,3114917061,2762740025,2920897075,2798419741,2871637083
3857271185,2627223363,2626537662,2553705583,2629010990,2759403588
4146335074,2778562528,2811311354,2916990304,2650287807,2656905142
3684693443,2804735148,2572101078,2472849576,2715611802,2602156956
4045151841,2714082352,2581569758,2995855068,3124014371,3164832229
4084649828,2998767606,2883394543,2857562467,2963044941,2920483628
4185718170,3084728053,2533290225,3023995708,2858415759,2642789860
3950149426,2868796833,2776129993,2933416450,2732494701,2983531870
3941877842,2789887950,2746727158,2806321360,2811454376,2892935157
4113857959,2905691501,2970891511,3000145571,3117034058,3143605902
4445656246,3022400870,3136755719,2957108837,2970414368,3222748722
4413806098,3221781405,3036658844,3091554112,2941463041,3072285459
3682559482,2669979891,2563321048,2778589111,2736394532,2882535276
4085223884,2977594083,2976661988,2610300554,2624907554,2908821044
3704671149,2695500650,2741606222,2658923914,2954008277,3444358523
3786073236,2928370027,2535505812,2575227322,2832198094,3423531634
3844246807,2789511995,2612499546,2670654241,2898908202,3581421520
3502298785,3250868725,2998575231,3272104166,3314163227,3820213201
4026250929,3253876908,2923960135,2903903612,2981183903,3724230689
3452796970,2922863411,2758475903,2665506369,2614890870,3413701585
3336694216,2787393424,2439583295,2551975945,2542376824,3419506871
3527033731,2908010461,2737475666,2770220704,2812461380,3529378857
3585331736,2851577262,2887793676,2811498478,2884682865,3733602485
3990116821,2961952039,2734091817,2808638236,2763045738,2705008828
3994216008,2942933758,3029196611,2890226171,3040879915,3150228791
4423090297,3181585326,3190440386,2977021593,3013751708,3127061174
4498096321,3309021225,2944013984,2952057371,2843636185,2775425097
3986690334,2666571467,2553711227,2788029634,2688883821,2601376418
4202640699,3145079350,3012057016,2743130573,2732940929,2590276380
4005287772,2885075109,2743100668,2536690864,3011019444,2943350869
4337361444,2958137091,2595042249,2658258441,2847259814,2991682356
4530190038,2938546982,2530940346,2680790132,2614922420,2762937726
4026941794,3173184704,2850200058,2932465681,3256452596,3170485339
4141140175,3600135030,2946672243,2828121140,2877547049,3088941104
4053591126,3247597252,2694886657,2863826867,2583443477,2868239479
3889411895,2963524334,2572638284,2610716115,2725367176,2923400721
3859340243,3068889378,2719817227,2696221796,2764183387,2924290897
4041778121,3071062459,3019343580,2673217214,2891631364,3156453370
2998952159,2732126569,2929077376,2832353785,2742706530,3793100898
3005004281,2731418766,2692676897,2626391603,2670429013,3712465072
3317374415,2948422863,2905895735,3040708166,3155750832,4162019282
3375654142,3041533031,3070849295,3023519694,2984405205,4229481724
3573466308,3053515465,2888964492,2923764769,2770036617,3619926649
3034177058,2564118038,2702394773,2696541573,2678798866,3784753975
3439890307,2948330702,2780465510,2572313444,2665953951,3566640486
3245415088,2558126150,2641528777,2817761240,2851568717,3811967854
3276825500,2739228638,2685459757,2693465484,2990574253,4050704132
3489299043,2584250454,2607415592,2808439608,2682416525,3907362494
3133055004,2977564010,2852983454,3160807026,3254847291,4015752336
3652541429,3001445016,2835111455,2946278889,3060120047,3919443397
3280840024,3022038785,2728118567,2715666512,2701721916,3539527327
3166416309,2806646856,2448389077,2568951129,2624003321,3643752456
3248972456,2717173866,2716081821,2710700598,2856204374,3631360215
3715573137,2757375311,2896088757,2992783489,3022737930,3715908517
2344211690,2163150827,2107655855,2013196981,2118394943,2670926987
2445579484,2463935225,2188294516,2366842086,2124864638,2892290968
2416724954,2243439417,2127670430,2454989327,2519508050,3365489098
2453082216,2417797401,2554749478,2463821365,2413919595,3461447519
2284572002,2340517304,2413429371,2476410045,2478079009,3344825909
2450953778,2253122795,2268420719,2363543003,2303594859,3113077713
2409552280,2264238405,2336071122,2291484038,2530242724,3266898317
2226343006,2316520586,2554129207,2789679587,2755328031,3632222133
2265454038,2353635923,2448481767,2350849554,2308784997,3208332578
2404728324,2443366498,2445474832,2377942724,2510572048,3732217260
2567847374,2615881711,2654644352,2836241533,2790157659,4623333783
3012090296,3026415578,2965843598,3024776559,2824325845,4689928612
3026094959,3251920224,3270000833,2976095638,3325786261,4500023880
2966990527,2831675773,2792959002,2779041072,2728138799,3783587186
2433160978,2587566748,2527495730,2577973917,2673221190,3508702643
2566113999,2328606774,2453352682,2879038478,3067425229,4454032959
2993834594,2681565042,2861711969,2794071665,2992653066,4348880589
2925959798,2964196759,2848783397,2964386250,2900556193,4321045390
2879213609,2655089199,2645980051,2748557047,2977673595,3814689718
2733923720,2574427049,2622308621,2588748725,2656994117,3535594881
2445308423,2513141637,2466981505,2596091453,2973046480,4014145608
2537159314,2578923884,2658064662,2910025464,2750107861,3921063862
2876154925,2883966604,2775397486,2825867498,3044026028,4079726951
2460898777,2446777007,2474979465,2852129315,3110060309,4003224008
3036071849,3015878023,3018264506,2996368999,3109789602,4295542568
3133524539,3072612632,2842770092,3071646931,3155935354,4162031165
3062552799,2829814917,2801095759,2810304815,3078444965,3631625351
2877041455,2706423773,2603112482,2655396650,2821086605,3524433043
2989836805,2837556801,2484169575,2729527090,2684518785,3984359786
3372202935,3100673389,2774419983,2840612199,2951978754,4007938549
3280764646,2799710379,2783565295,2859754096,2868494855,3866667333
3882805514,2984251270,2995463902,3027007305,2929415689,3883927962
3578313178,2828290625,2905794406,2997385741,2849848477,3876354001
3553406464,2752298732,2642358984,2704013610,2833636621,3364081405
3212917465,2586547226,2538913740,2610188071,2525595120,3343428369
3023445602,2488073318,2467892506,2473758155,2859717796,3566850612
3219921277,2589221102,2510129044,2837974718,2719677864,3583715443
3163406801,2861993034,2910594620,2743699450,2968710454,3923046589
2936172394,2564555528,2430582936,2907547422,2880228497,4063303880
3302710289,3032675452,3073862507,3102200311,2937996363,4320321777
3215943141,2951791915,2959424565,3123940649,3139839471,4306566200
3371678892,2908952835,2830578814,2897101830,3112708899,3725875222
2713061744,2513717020,2827335697,2574930887,2662224034,4044558344
2833695449,2729458455,2546310124,2719976143,2806558529,4358000802
3309015888,3021081021,2854584405,2846714571,3088205672,4399470198
3170930240,2796113633,2992249775,3060873230,3071470330,4102977791
1993816475,1858800084,2046317190,1960122181,2039479412,2328512296
2596949811,2310485306,2328787873,2273703270,2131627687,2400716218
2638531091,2242746048,2089116400,2211676634,2414919681,2577852565
2784541280,2329155139,2473835439,2459235018,2331502950,2879809837
2935861375,2250875254,2385442739,2253385352,2389431091,2755549716
3032388805,2422289397,2341530993,2456063196,2293778572,2690717808
2878235785,2345645416,2354186364,2298147431,2295814797,2704713718
2932596679,2152814166,2393315471,2621458453,2943957261,3286334851
2908483063,2215156007,2420126515,2324809051,2487157328,2604766867
3012857225,2268248253,2441993839,2368797217,2399928002,2830934579
3353334050,2607693772,2470647621,2691966384,2654002391,3435846262
3945281437,2970552400,2956841197,3120763043,3019030517,3460250182
4402248539,2977430193,3274576879,3014244871,3088108674,3535024632
3859219995,2938073391,2740698477,2933170234,2676531829,3103711704
3452367438,2492214175,2533825747,2462926237,2443211865,2923576110
3004208508,2511349915,2372806821,2562983160,2882242761,3898296402
1973059640,1875669287,2049138826,1970293513,2157432337,2021670471
2669410242,2323032555,2450184076,2164500772,2056852414,2068825256
2980269904,2267096132,2238211238,2156543042,2402743893,2471797112
3173909304,2291208777,2376779219,2557476712,2402614214,2457024122
3580969225,2284349914,2386219372,2298082243,2550532499,2426400620
3326203781,2414234980,2332618617,2372117916,2412399725,2361295010
3189936925,2447635488,2389687888,2453755988,2345949466,2437606799
3204766351,2121644111,2364105473,2461329186,2799822712,2907029125
3368777567,2183793698,2282950504,2396053033,2504799498,2292958016
3192162958,2224363277,2392426128,2493064228,2340863807,2511301611
3836224129,2486241500,2491809623,2647706051,2756714740,2748492754
4499062362,3053684753,3034245860,3037133830,3100698899,2946581586
4808792714,2961914264,3132283522,3215145182,3057174614,3269527749
4333432609,2761646586,2711352352,2683507715,2716277524,2780609819
3958850168,2343020285,2453507713,2469988558,2553403647,2492244636
3400968439,2711120244,2522288167,2510501490,2653988009,3047504193
4607236895,3055400287,3007225039,2937595136,2847379674,3172952105
4321074154,2815075020,3002279060,2764484724,2965996152,2889865184
4406101760,2684895879,2665929331,2561741550,2826478022,2759908030
3833533720,2458609944,2631098200,2540558406,2568175465,2509450762
3615388272,2423323768,2444548572,2413402546,2490075961,2646895642
3858779311,2860331263,2513431007,2524219773,2831950450,2604738506
3660444927,3181389530,2817812186,2881135435,2913396665,2980077238
3913019752,2838217739,2547905306,2350194214,2822715386,2838452193
4121650106,3202811172,3007565530,3006020956,3121541798,2943600273
4340024167,3259568741,3076265173,2820158561,3058901630,3085874684
4272931603,3290073346,2913539442,2807291002,2806234268,2758722038
3564322618,3016276581,2645431619,2758050729,2739430953,2606371032
3683808891,3028789291,2713847182,2500252796,2814383268,2684896166
4312431158,3409826345,2870440015,2873780153,2981819328,2936207988
4495261682,3001021293,2669005423,2909192272,2865111408,2906913319
4123249478,2928842204,2820135152,2996482321,2760854555,2901191697
3330119898,2958872867,3027281589,2991352521,2901250572,4059230373
3199803235,2664346623,2942092796,2816204672,2668633259,3979183484
3182412991,2586107338,2676584737,2923405811,3096812051,3946466132
3231460206,2887253126,2679262917,2881129388,2769911163,3886414102
3261978669,2750652720,2882772946,2926431097,2702041601,3890833517
2937394073,2641540281,2756648721,2794425758,3197086370,5489406939
4200019488,4103800025,4611257881,4884575097,6107540924,9888734395
6970267499,6292838728,5495378157,5182287035,5552043033,7064355866
5077552461,4421960840,4357507023,4405368352,5142084901,6585049611
5237481073,5320737303,5911798343,5876621153,6103942492,7481707506
5880255557,5699490013,5478074971,5570444858,5938023703,7004117722
5552499761,5054888471,4836046644,5488926351,5483391700,7304993609
5483666435,5108707700,4597714110,5341685267,5765281408,7036431121
5836752091,5175122975,5373302754,6225619265,7128743178,7286210881
5020556283,5130582773,4977457413,4989015882,5641004972,6687026678
2882956039,2995400401,2887179537,2848321765,3426709871,3695031598
3101940349,3057168476,2971207618,3071702977,3710512344,3420927330
2932644582,2725383701,2839571826,2775641192,3796548792,3620410702
2734258393,2702296948,2871981415,2758215249,3524749590,3175708314
2744180428,2693643324,2632430523,2524541320,3690193075,3102749064
2499603136,2581365873,2601988963,2710094235,3558014954,3208519022
2732206931,2730424116,2815908981,2729339799,3753651190,3533831169
3151408825,2858984674,2909745737,3066248620,4110025634,3405537353
3048809113,3052808778,2884320128,2855899417,3816198961,3340545928
2809413186,2760787455,2854456909,2689239416,3635099922,2968427941
2608599623,2524031437,2551660871,2797389145,3668160459,3250390358
2725134073,2774742208,2815288468,2756053193,3410391695,2946032009
2617406151,2606579830,2565997004,2644362172,3687292838,3025700022
2540376865,2876082653,2916537417,3107921957,3824856212,3712858200
2962028106,3005747183,2761486952,2987994949,3588308102,3595663908
2832636793,2805988417,2839179140,2788008195,3849504941,3421846195
3436221532,2814069666,2850225847,2857544916,2813422878,3176294919
3728015046,3221398132,2905630368,3003994934,3214567765,3504697833
3633461544,2888510733,2677045711,2802117472,2890732137,3544742992
3722621116,2731303165,2582090281,2664101631,2591184537,3079413665
3427827437,2763547505,2725169693,2574800203,2450102633,3005063289
3684325135,2582953980,2691739973,2743437320,2770611685,3189594927
3689523038,2751814423,2554249615,2784133765,2741376885,3211485849
3615713005,3107632582,2961066652,2815473993,2938710342,3468458717
3951816965,3182818188,3090635408,2837679731,3030499637,3211467620
3807195347,2967960786,2609940627,2824961053,2682655593,2941228507
3752364285,2646347409,2617633818,2524371291,2639181027,3034971404
4035698181,2834064388,2709203940,2992163175,2622366366,2919699636
3220784317,2772265674,2674524937,2472881805,2617892947,2623123909
3601351123,2669935465,2630647050,2973482358,3063991626,3012816633
4170591890,2976644281,2910975041,2787085720,3075377899,3060352553
3968279439,3156561737,3002664420,3022306903,3233861128,3348713898
3845683586,2979941947,2802629914,2837269023,2873018139,3239967699
3835686441,2819363991,2782093122,2796116362,2678525747,3317063398
3336565706,2782805859,2666243951,2650960630,2431672793,3142967148
3531732852,2539700731,2661061588,2735552132,2626912550,3202437235
3661807337,2815055869,2614870935,2848423914,2724419431,3636988046
3700700235,3093631334,2982017949,2799816506,2876205200,3565421623
3867654044,3072363054,3086086619,2867944888,3047401477,3413108014
3675547077,3016476009,2793044674,2916806819,2730605310,3132854206
3384485556,2745480823,2586921019,2489259256,2691518827,3313239475
3643120108,2707791785,2642346692,2930581396,2473425412,2835491611
3139310091,2846202575,2602891066,2538811222,2772203861,3195864334
3408249430,2713746886,2790847626,3022347196,3137043661,3408741145
3784870484,2953479675,2974790672,2744672067,2987239971,3512476186
3812779296,2956885489,2781945422,2853055537,2762838601,3314073899
3541818014,2881149230,2724997388,2772368320,3244389175,3670415139
3772255627,3045632145,2989242157,2915932533,2991260332,3948468061
3544205669,2883494069,2857265488,2982523315,2884507599,4038146624
3284689128,2613267551,2546465254,2671864206,2843355715,3443651408
3066745079,2622740360,2481337543,2595661242,2476445469,3158449258
3199126768,2600933837,2522122334,2483970444,2775689605,3880167200
2885013927,2499945092,2574982042,2579504508,2681689974,3416633602
3189768764,2856286197,2758777415,2806515459,3010169105,3804520959
3115994537,2588572538,2414168965,2787057625,2787266801,3848416565
3436543510,3033058245,3063564329,3136702096,2908053237,4141172364
3454809894,2959488530,2920395384,3147566584,3107842608,4182692791
3383207293,2930889053,2864111863,2841846965,2801902247,3660346180
3217284606,2579936586,2874080109,2757255785,2694572579,3803722093
3107293423,2782486041,2572529956,2767998017,2602799659,4119868832
3324567413,2997275033,2797003276,2793774400,2905937915,3777533226
3648369112,2956297030,2900564542,2955076025,2808197665,3484291557
1913306270,2126753263,2104440865,1951585527,2100528549,2509481407
2353913514,2470707908,2271427846,2265611143,2039880677,2755996237
2559879752,2273273860,2154665427,2280049573,2500925757,3179415792
2476127944,2417037596,2530886691,2549863904,2267545135,3090815343
2619953678,2277118840,2293999846,2340430967,2365863127,3040287414
2753475053,2288527989,2346917056,2410681081,2361775958,3111522991
2480159096,2333023088,2489326358,2395352327,2519059284,3010681994
2620422937,2278632175,2420870897,2672959810,2950372010,3485537746
2651344941,2335610169,2467050694,2429360643,2396537068,2845352589
2615534381,2382398297,2343653341,2277351607,2570320578,3247973137
2803630337,2495795266,2481535829,2651025748,2691221102,3978085122
3498562862,2951324892,2979441356,3134304823,2913799196,4018708464
3603782674,3079588581,3185209581,2921603703,3172371614,3875452318
3422157572,2937579421,2847700178,2783962919,2863690809,3431681981
3055996919,2410997349,2473309319,2470326337,2415813315,3345494242
2927191871,2589235866,2367219349,2735147094,2941609193,4087577194
3759166066,2986302470,2948130354,2864155372,2871007910,3410983307
3638619847,3215651510,2938233697,2999987113,3171240255,3625014657
3685212303,2779312394,2578484957,2711956123,2785994259,3703736291
3680445337,2746175946,2706592199,2830924720,2720847885,3353291413
3166304592,2876677768,2669433643,2677539132,2486550552,3298412674
3448654491,2525801789,2616055067,2661764420,2677410233,3340072912
3417020792,2768023195,2573275111,2833959545,2727074345,3494399270
3655074682,3163877730,2986005992,2794091170,2885725682,3700302378
3799482248,3159382104,3189672637,2850291189,2919389590,3504242788
3485957140,2852487312,2662004681,2973300158,2730303296,3308133922
3295172707,2687002109,2728986684,2656575880,2826685652,3448801035
3478516419,2797448376,2687943430,2938988019,2643576936,3357107141
2915876158,2685217961,2648135280,2568838591,2653794886,3604108208
3055654070,2667004000,2717988900,2947907880,3098765630,3517005857
3738119367,3112564270,3117643485,2823640860,3019828021,3576412044
3541245342,2865794880,2770014206,2887678154,2745358136,3532250266
3260867009,2645108937,2794873166,2788799803,2712412646,3332649483
3533881829,2629380600,2894487598,2745242774,2692118256,3533527856
3355201180,2845002828,2738837711,3056977464,3193241615,4022514799
3553681974,2934554736,3217253899,3010554837,2979546229,3729945332
3786021014,3108828608,2882534378,2942102437,2783759241,3392588112
3299207098,2566276624,2515215112,2887557837,2619082812,3488845010
3785873186,2730451067,2832803013,2508441224,2766453242,3266818145
3404283540,2663598711,2684904223,2640074137,2985578198,3654636802
3496874375,2852177526,2713895206,2674011494,2986378714,3849934640
3714086356,2611256212,2589533577,2765245012,2832614950,3658109236
3408162526,3195411765,3037764910,3242500160,3330583156,3926941221
3798823223,3122037692,2811844006,2922261674,3024630760,3402695248
3545816683,2841395454,2555175938,2657775641,2578636341,3266931800
3633899703,2835310241,2433588983,2604935205,2549721692,3238301473
3853461452,2808806156,2657275790,2589589865,2704722046,3286625053
3883302244,3097267277,2915276820,2806093805,2942973330,3633766112
2910701785,2664943630,2874838310,2710085004,3007120945,3878655471
2730328802,2738113301,2884478317,2849121362,2846924402,3928211121
2798105927,3048631254,3046723228,3166932944,3144805476,4437103783
3196139431,3299503835,2943661008,2979736646,3287380124,4196550499
3220236085,2994746107,3055731444,2844697845,2928079485,3943900769
2623848853,2524721667,2826682692,2714463796,2707880073,4163977880
3017580697,2942571862,2740688446,2656545341,2754643061,3940534648
2761045858,2696646801,2554578836,2955767959,2991447799,4001675280
2925183486,2694635764,2593266290,2778725524,2900106060,4382581639
2943167365,2501038065,2693803026,2813509997,2741979963,4178505249
3402186617,2966196761,3095434894,3267330551,3657578215,4014365728
3479891271,2895447064,2779180023,2920819937,3452854999,3887658072
2980216856,2769280397,2735502009,2625275741,3035805275,3887169916
2913077502,2398888666,2602270589,2683281384,3043436019,3851623517
2874719039,2618122121,2630784966,2805563848,3128208287,3933316393
3521967342,2997491389,2788459233,2984037825,2637508307,3398183305
3485713674,2781368689,2804781985,2818446448,2781913740,3261503238
3483204527,2838993884,2932374089,2987902290,3182733233,3730487695
3939131656,3061536709,3287510518,2945971648,3080418665,3686491622
3919897951,2949211272,2840252641,2941139891,2883560569,3149828302
3667590593,2677469175,2635461828,2849931898,2662401091,3034445086
3903200452,2865088202,2942032821,2614759811,2618137910,2860061108
3551156337,2690286094,2671771496,2490486105,2930910894,3087595799
4052566320,3044001775,2566047887,2687365012,2885456009,3237715042
3850142815,2923209870,2554432229,2666206588,2769144399,2877787792
3733433776,3133686016,2824732217,2988653580,3324502175,3402148044
4005699203,3618311187,2939099620,2867034230,2920200279,3228656608
3827127353,2998447060,2533867609,2594445635,2501905412,2700192209
3864171382,2987028745,2597494245,2588141014,2614635528,2682637638
3806318651,3254629804,2594495624,2666654579,2660814221,2695735806
3986988765,3228749466,2782156177,2614163821,2664283365,2916552327
1918393160,1749067291,2065797680,2037174144,2032785742,2101147636
2669732859,2252517447,2387871829,2233132809,2217552667,2244299476
2850726178,2337873722,2244288712,2357501162,2349495098,2718779444
2839753198,2428376613,2499323719,2465255876,2253182617,2789938593
3120166402,2342176047,2421837632,2374282675,2498320045,2872041646
2997085117,2294262347,2317983375,2439604148,2389702656,2924531002
2633690515,2327422052,2348812742,2328500484,2415124936,2817309670
2712597960,2251414272,2304330835,2496904183,2892464913,3385099317
2939337139,2254246317,2426549040,2316461327,2437920969,2650698394
2840921165,2168156829,2423564983,2385167249,2328672485,2980631235
3233572125,2598992712,2400246369,2664069278,2677608116,3513558993
3819279913,2946145442,2984931463,2995964017,3022504159,3464910016
4150453651,3067156915,3239396734,2989070503,3155520096,4044376245
3509290630,2885348068,2732151594,2755586644,2881575928,3120378291
3266328861,2388358314,2383850528,2535897454,2420627207,2908966911
3221439506,2405537501,2244619678,2439294747,2723815763,3501218102
4131484642,3026714359,2918551790,2932771193,2827858961,3550823803
3795524845,2696281317,2923158669,2920192647,2896017574,3493947325
3922394843,2612185624,2542411301,2647173259,2777859866,3154981848
3476878007,2618633143,2626772916,2649912852,2629699128,3001156423
3438550126,2565911608,2479367933,2458772416,2729653407,3150552537
3627373167,2526379617,2500422812,2787147671,2865996911,2963242764
3559158710,2846336124,2724777637,2881435713,2998875371,3294192355
3754242470,2585008112,2495927762,2706046731,2869027759,3635654527
3738935636,2918571508,2944075439,3031022651,2905257472,3707390778
3720128634,2874024487,2861903821,2998218528,3063502760,3488447514
3610676150,2695299396,2808991198,2821619216,2765082136,3452804025
3552813714,2577452220,2692446091,2721756178,2658911816,3194408686
3589751601,2866775299,2702525852,2732031795,2772591948,3433861770
3897747926,3323732512,2954859947,2865493402,2868897047,3650753249
4008194570,3058743862,2773734632,3054672823,2812325028,3359285068
3261208074,2805802738,3065655647,2800383604,3084101296,4502089479
2839070832,2944665616,2780231278,2897113104,2913213739,4443581887
2663078493,2677811270,2603991341,2774625322,2705468315,3652098820
2809998597,2618757753,2543425480,2551844053,2588126434,3418788240
2678855324,2550154273,2548802655,2574141078,2940736468,3956151608
2547196929,2531004008,2650133565,2875723994,2725874417,3806647556
3010013368,2719848166,2769002172,2833033880,3008506279,4006766917
2707605403,2644329072,2502880796,2896601863,2961140117,4440887763
2892117487,3060895282,2984779450,2951130379,3018499618,4407419157
2921231531,3025437341,2784777909,3202670581,3160384308,4229810450
2845007492,2713076872,2675078064,2693302302,2915183887,3465789527
3007545981,2641737694,2690273099,2671565154,2726846224,3459803049
3268436177,2707746853,2541484239,2654261849,2614024652,3845830812
3747342275,3082306460,2875260038,2914153270,2963728067,4170665835
3523002845,2793880204,2825184185,3001633871,2882834339,3590414429
1984287120,2221524699,2102967939,2010988153,2114311595,2421314233
2501531031,2383768933,2165818561,2347188336,2173036038,2759183893
2426853890,2228250195,2126092632,2335643698,2499866245,3141012683
2558653252,2413434121,2559773508,2522941253,2356197615,3276838987
2542369792,2364821885,2495917974,2489790117,2462404798,3330823134
2578726053,2297878650,2355904205,2351868640,2363759720,3141710851
2328086003,2326304173,2494394970,2296361529,2505484820,2994913461
2320774840,2237922653,2449932506,2581428695,2665497801,3602508610
2501684590,2342476485,2468993912,2442690504,2397466740,3153224451
2429097322,2339564360,2405111487,2405623042,2460598775,3533637460
2822388730,2526140062,2561948205,2715292269,2693420005,4215726072
3308466288,3045195920,3060378794,3248624001,3039491704,4424808929
3332235241,3117057589,3186268641,2974104885,3263417880,4279791439
3051896060,2833137550,2830685784,2871306541,2901417804,3738343765
2600765982,2539742359,2531875761,2613335160,2653242944,3335427604
2687939309,2387718408,2488685739,2717549293,3089902166,4176939423
3745983269,3590272639,2955611754,2919075768,2992397440,2821811459
3800514707,3641938121,2959194444,2995974251,3152763463,2871566841
3836685154,3547272663,2865084224,2750708617,2940774142,2698760266
4065522993,3402134231,2633614810,2835118075,2787409962,2677988406
3565287096,3015724731,2624721530,2591419484,2501160374,2581522036
3620006055,2932673664,2617448655,2663622581,2704268354,2794586546
3779492864,3070605420,2637761276,2810790597,2886833090,2725622525
3888202887,3449099477,2994442544,2813013940,2854738991,2957892839
4145162397,3360482702,3050793839,2946466652,2973539855,2781138965
4172988538,3177293487,2796526903,2853763805,2750811726,2776865650
4044413912,2850703674,2634267452,2560344446,2687026788,3039402710
4173442334,2798046978,2798891688,2954204245,2602648616,2672116592
3464329013,2857023305,2544672679,2498703063,2711118431,3003089993
3663394561,2769608614,2618532909,2814545074,3144013334,3032519804
4237335191,3102248853,3086439095,2763441580,3056958628,3309224332
4032112276,2968830928,2635209526,2845677980,2778926107,2987311575
3234995418,2729627142,2804797542,2857068044,2687348284,3691877624
3301911740,2647356868,2785378597,2764080306,2731658300,3863363967
3001715295,3006343339,2894568902,3028046930,3028816241,4413470195
3194116937,3031185113,3030813272,3130574679,3129744163,4492250421
3316112627,3047522230,3054976611,2823293094,2930410157,3940211451
2677029360,2618372146,2760000301,2626251838,2601621520,4081773283
3070815114,2942213551,2768432605,2726148359,2666129996,3960022567
2845428422,2617464692,2491038026,2962690657,2922346746,4079201095
3047869061,2638656560,2592488293,2677515476,2991168419,4095750646
3296337841,2621663862,2700774652,2771430570,2782036872,4281515669
3331397565,2892238740,2989370210,3258757363,3294779298,4487490487
3482608755,3007544347,2893124208,2853032329,3139208022,4018377782
3131980628,2705184713,2811663359,2522471607,3000198724,3575286493
2947090988,2497330719,2496266667,2662217965,2898288828,4004072093
3132767380,2702580821,2648515760,2716421718,2912726490,4044848118
3176853867,2920756272,2750778439,2875014935,3053852369,4081006703
3841147193,2825149448,2708081114,2718435804,3133301077,3316450874
3543091991,2788746913,2883757918,2720057320,2733501950,2760529014
4036097259,2724995765,2779132015,2731994686,2936957744,2831451386
3884015083,2836145215,2440105743,2719995661,2728579811,3141077227
5225640958,4444437057,4226211012,4321392906,4683963835,5830585437
9432225854,7011367043,6115367954,5665320986,5307567474,5361082977
7198913553,4849761756,4656583871,4546491195,4469106719,4406315551
6679269290,5776414193,5186176596,5809867463,5419546226,5395702155
7360923587,6177257197,5868800099,5584646311,5852844582,5565247947
7004264351,5856166265,5048555912,4974012124,5349773531,5179944213
7067399205,6104542215,5020403392,4654546584,5324583440,5828624019
7064888255,5946397730,5223256180,5194617572,6089233424,6926785925
7362273647,5208111966,5501724279,4939294907,5217764201,5328349128
7181417190,5589304579,5759399788,5332278383,5512731439,5423488689
7181091236,5573232362,5790379351,5911395264,5849431189,5255517725
3116924531,2525843514,2953163040,2760127018,2631306080,4168564803
3132312371,2730587148,2732227273,3021252327,2989574416,4264510555
2943282781,2964977358,2673037387,2662294911,2774512928,4064667187
2819232873,2794319009,2689491613,3079216257,2729844311,3895152841
2871081719,2558709397,2701200453,2721670439,2960726650,5119420285
4622591891,4227792943,4593302950,5289571496,6146121174,8738633815
7273117929,6275160696,5594052229,5249218991,5508071684,6260002791
5274418591,4684563425,4547660937,4585292656,5152839739,6517010495
5395699985,5437495036,5617186271,5557208414,5516039186,6947851588
6199914849,5656326864,5393238998,5466092640,6205908543,6736124878
5842370022,5049629753,4813349853,5371680419,5363618171,7007153189
5864609046,5043534467,4767735983,5049110323,5632496816,6594400522
6075309066,5141137259,5336789816,5914942306,7139298982,7357522764
5149749839,5355875292,5312393217,5088256546,5370864633,6826786311
5871410103,5333505376,5680657195,5349266811,5103297344,6726366724
5817421316,5516552031,6015498841,5633064028,5320721660,5545714453
4082215322,3021511380,2525003664,2974288197,2715594854,2721595705
4208441257,2950592650,2676854854,2769583180,3069880288,2951298544
4143998378,2867746062,2974025620,2746493610,2960965714,3213031839
3731107162,2793661133,2876554333,2965509525,2964431705,3100471369
3601498077,2830082550,2488535536,2723144721,2799474420,3481602489
5215564914,4312077038,4506740604,4748183862,5312586672,7278796746
9034798295,6920822354,5737086745,5346819525,5361087235,5659998632
6741330988,5123019617,4554493264,4493646041,4471862244,5148993385
6917176634,5380907168,5468295908,5782525446,5909713703,6409110291
7303989956,5768816569,5700353673,5286602752,5456010963,5682848452
7241573956,5492941806,5093534894,4999354432,5409580548,5453422991
7392424847,5421958760,5165156704,4631856436,5586169221,5676606042
7165042082,5763609691,5223994508,5624049640,6278230055,7130615229
7168999548,5127098527,5156767336,4989556364,4941017311,5798385357
6932817634,5727013030,5568152493,5348103283,5507955627,5643686155
4273749193,2977797417,2693812796,2701226316,3072614569,3049602755
4146041410,3062352852,2891257834,2817868855,2864368831,3310388101
3623793735,2842147035,2804034309,2852770705,3113736192,3338532047
3375946779,2806298113,2551212268,2765344066,2795794961,3807512172
5005671973,4352266562,4458052651,4571768571,5388459199,7467482437
8789080475,7285227165,5631590628,5633638781,5462393636,6196375740
6232007880,5014436764,4536446650,4420465514,4402557242,5591630850
6550441332,5416154792,5566949058,5493671583,5822527827,6646749338
7079987630,5917032678,5818513861,5338785723,5600947264,5857684515
6888708899,5443505442,4922989058,5015225165,5412442492,5671462175
6667374112,5146798607,4829382855,4658932693,5614812332,5733489967
6790563161,5719459683,5189114144,5581723652,6545994253,7370692124
6825064731,5171209351,5295506818,5156219563,4906332473,5974987798
6672599031,5747981752,5454804226,5326237106,5490204108,5719972557
6641760760,5438473983,5762885881,5589446924,5613403007,5350276151
4274784583,3607551066,3804360610,3677487208,3819124987,3911066998
3789635114,2843985608,2631619356,2701893888,3045161961,3414432238
3645025266,2944061295,2728443827,2503965103,2688328624,2832241249
3810104026,2871950560,2764770501,2865349679,3059173871,2993839378
3840626636,2836034703,2515124016,2660522665,2756223653,3184338825
5429458099,4472871412,4466909383,4580445510,5163531059,6787581832
9651324296,7239779506,5998080139,5806882031,5517297029,5975671948
6537582290,5219166755,4552374548,4508662554,4326065425,5280012732
6683427918,5485598157,5721616646,6116824942,6196547703,6814350162
6805981462,5936431251,5705399458,5538584698,5559215933,6524477274
5988227017,5232367855,4791798690,4827030670,5312885531,5489611369
7231509671,5328707602,4909623919,4537654947,5738090866,5755442650
6978054017,5736703400,5259403216,5637624054,6638463310,7607870255
6431713588,5254654350,5043071608,5239844630,5006744101,5843943534
6151834024,5537110645,5360748423,5232037530,5143345028,5756795235
6617104479,5198166199,5672921422,5454319063,5607894008,5480334519
3393636156,2654585895,2940075191,2858441268,2764169945,3485443127
3829188064,2987786625,2913050469,2936319198,2951271559,3782504134
3792419698,3032422028,2813539458,2954504417,2812590317,3762527522
3552712577,2694438407,2731497502,2788847022,2748729871,3586371823
3090050631,2599196847,2630543584,2496094504,2463114448,3620824257
3092419559,2492215328,2689418662,2881996901,2759553988,3644547460
3268055371,2715338501,2759340469,2834632572,2763805326,3791149453
3497284679,2957291822,2823852996,2773395176,2861143599,3911001570
3259643188,3152193856,3040894700,2730952747,2865632732,3691473086
3431284267,2969531598,2796464243,2909991646,2688031061,3442935464
3091430720,2760620581,2594387409,2606056642,2726527755,3568931226
3201519502,2621426249,2661458886,2954938405,2604966555,3286650736
2953171660,2720860871,2626001857,2476614343,2596121411,3381641448
3297783566,2719090946,2780622726,2934089338,3085572109,3444628231
3626338718,3056045932,2958748320,2766448783,2879475129,3348197629
3890599250,2997755997,2698983701,2898599389,2809696538,3160404393
5662236605,5723414742,5429296738,5446857550,5407196709,7114176695
5403215214,5489352994,5768991787,5534498032,5494731184,5415541572
3666685122,3833493138,3823844930,3645111198,3794809608,4012787084
3242540321,3021508142,3124984335,2834944199,2939040925,3571593918
2725263471,2764019199,2460744079,2393382215,2410882234,2462359962
2522817478,2494561134,2486843416,2482224710,2456957138,2910343574
2611954239,2768806574,2690181853,2698818339,2809848986,2962232401
3004609460,2963461175,3007349053,3149429062,2926653662,3334210504
3041691529,2961808990,2811632706,2928348511,2896775766,3042535360
2730481230,2759883722,2807767100,2733832233,2750819603,2914277112
2708433896,2765412264,2859380919,2711744736,2691570517,2906012104
2738884987,2822102838,3006001104,2896940902,2837569028,3163573832
3184817005,3265276152,3218194789,3164203949,3111789567,3432885822
2973523249,2805938394,2949807046,2755203101,2586159245,3038028004
2538864057,2442317258,2204552402,1982199918,1987186720,1958093242
1752006544,1866089724,1688528262,1637212000,1657800820,1635674493
3560290033,3037458784,2829983517,2725408559,2896001839,3662048430
3211897210,2947547465,2832810605,2853519599,3008655389,3401827078
3282768999,2822073254,2428889408,2579991719,3058964574,4010850231
4697323143,4325603078,4804364671,4983805752,5757801042,8136019809
8351383501,6995624084,5650898023,5313671445,5321244311,6281380687
5998447156,5141173168,4561015028,4511287674,4461277801,5891563060
6260934675,5477753441,5677163144,5758528408,5820028400,7215738101
6227065043,5816887085,5502735333,5372963099,5329889135,6815744588
5949163709,5208313730,4900620816,4653057584,5247040581,5636914764
6609747569,5603639631,4763074013,4785738050,5708695419,6180252560
6718624280,5790666840,5273661535,5741696881,6573872118,7334165037
6400467534,5182658959,5452423569,5197152121,4638249271,5992779504
6466271967,5774723044,5347897081,5317264687,5195308875,6176586302
6257250577,5375661625,5796411882,5582324505,5567536248,5631513686
4347410532,3613150457,3779684202,3735390777,3982986233,3845991094
3417328058,3298758633,3249398777,2925848362,2914849570,3658187925
3823364682,3137621727,2922595810,2986963348,2788116150,3008252457
4073810971,3260812779,2952383224,2972018386,3211078765,3052812187
3930496226,2991745528,2905427867,2875493515,2934999090,3138663192
4089463946,2794376615,2638765246,2595150567,2589768936,2969415773
3408434356,2694296332,2628721424,2540575642,2436385733,2784523208
3517291575,2735265800,2666035265,2681729453,2754863658,3053342726
3882885019,2835479017,2745918128,2826985440,2799285886,3179691894
3633077496,2983166181,3123588514,2791839401,2873170008,3254982660
4099219481,3195063327,3148433610,2882655647,2979659650,3067021699
3980646162,3041528997,2792145653,3073625273,2821488889,3090851517
3643572773,2677378116,2598966228,2583568153,2852479729,3124770439
3867290435,2754406000,2783373580,3023629379,2622599259,3134238347
3086823028,2749322706,2666869678,2528018564,2587676574,3058098833
3412671563,2662877658,2661049812,2933514770,3171348601,3348063113
3994538596,3000518592,2840379894,2753143489,2839457623,2935323030
3624686307,3030274027,2875310339,2998000400,2732388358,3279517550
3583120243,2722057922,2699362003,2680176191,2776604692,3004875727
3573910500,2891864455,2900491576,2934600669,3086021011,3366654483
4150391030,3057288203,3139479278,2992776827,3057103533,3270903854
4290508404,3175079384,2929699426,2861158062,2837937208,2866790907
3874422412,2623205195,2510405008,2719122471,2658921773,2649900441
4240560124,2883508454,3027500291,2728935441,2745990951,2841704896
3887940348,2759896446,2620870356,2486656413,2944091458,3257608678
3867870256,2889348802,2576383498,2650545364,2847737795,3021463195
4251969891,2820941966,2647124044,2671722908,2776368379,3078592617
3746757259,3240769575,2959130398,3174030510,3358628058,3604454756
4300048244,3221746896,2860924058,2851872037,2927565321,3412932651
3935269809,2856298167,2712522327,2674184716,2579141335,3036180836
3744137095,2934390251,2479678585,2597108286,2542257847,3144542198
3931551889,2841933748,2691240280,2632617719,2746111787,3106790338
3915325375,2887874030,2960084556,2743838555,2863067599,3175797397
1985152508,1957930537,2052322149,1868092108,1949571564,2032946718
2886183128,2353236408,2495622103,2410039833,2162508530,2581508743
2508893505,2184602436,2088286395,2220423303,2505553031,2862731949
2659505477,2392721161,2500052339,2539708725,2322722162,2897054713
2916499893,2380503432,2450279010,2435907329,2392404047,2952486164
2876976740,2220261079,2304974033,2322002098,2258325785,2820775934
2737431352,2389139486,2461525723,2321426835,2347420692,2718576772
2788176066,2116127976,2366865077,2630056757,2766232196,3177448534
3022766905,2223861643,2408713216,2532061415,2505999421,2834003256
2943285120,2225462863,2450836800,2492088403,2404463550,3138804136
3110510284,2614412411,2447309369,2709115633,2597813785,3555886383
3765229658,3057606933,3120163820,3062376324,2804106230,3761507658
3889636429,3102353617,3169158274,3122646304,3241692301,3816289548
3317907605,2870461225,2671156080,2729701543,2833439917,3244994478
3166910705,2455834677,2461547984,2498593710,2410799881,3012003841
2909194328,2379132746,2268343225,2497223681,2758599554,3242240709
4034123244,2930981045,2882331417,2957611841,2857330385,3390313115
4159348219,2995841327,2879481656,2949635306,2869695080,3660352372
3887173982,2748969085,2613037665,2699607922,2811524471,3336786337
3308087546,2449272261,2569884913,2744250963,2523996895,3119906776
3290454583,2528847296,2494024754,2509907479,2747364197,3298114493
3573273868,2514141118,2486518324,2676468840,2713860576,3209302471
3523790538,2921221493,2812450943,2834763479,3036289205,3448516576
3255746988,2525643110,2339414070,2634793693,2846786442,3265924530
4105350420,2800984107,2873793867,3073089672,3016082257,3274825919
4281167635,2925663179,3045856306,3098736941,3152617741,3291343894
3800242026,2715948752,2676604960,2789896841,2607725171,3382022290
3504050597,2682018424,2599068622,2832933029,2654310377,3044158696
3721558457,2917068002,2723908950,2773325330,2720200712,3161284771
4038963539,3309997489,2953371279,2891069237,2950810833,3457020316
4108487079,3100125783,2796810106,2934312211,2863454144,3326147116
2790677129,2897339274,3039637261,3084047400,3938407577,3257145451
2910077260,2856742049,2789377851,2791626016,3744097249,3104386761
2825861894,2792771179,3092447205,2882563584,3647362025,3062242186
2706994613,2681718638,2727250065,3147587140,4678621780,4701560680
4316780250,4556349312,4945569369,5954246836,9296116734,7285421799
6580946435,5644423323,5212521984,5054767567,7026189948,5422407415
4789660943,4766394393,4402846432,4352247948,6759336440,5235549103
5281646765,5794389203,5629357217,6132392174,7419122954,6369310269
5547492143,5511265695,5219902467,5349250197,7405010350,5580486595
5074193647,4831420404,5113749217,5081120384,7327977999,5801039594
5227540532,5095258150,4986556191,5882608081,6825008557,5735750745
5084630211,5159465821,5968194466,6871327329,7954245096,5267728204
5299508492,5094170784,5288887373,4997410098,7446830400,5851017846
5724697207,5421575499,5250435985,5618393513,6940864465,5327865176
5484537600,5899806189,5486409809,5548534828,5353131949,3617424571
3658407260,2695341967,2648640750,2837041690,2553898846,3680578233
3299990998,2740171147,2743954074,2851677559,3194172341,3831359592
3304911174,3069756812,2875596999,2876882239,2861852612,3807368533
2969751750,2901778046,2780043323,2944642256,2972405918,3747865196
3122062547,2627408431,2673994021,2656123206,3220443265,4531871154
4702971467,4118085578,4690590431,4973860111,6050720095,9500828003
7137043281,6172387738,5670261913,5342484958,5504408625,6333524924
5111985075,4335629346,4487898217,4310372361,4336162224,6603235580
5778806191,5204109223,5886740794,5848996971,5894351162,7219071589
6060454041,5518852427,5164339806,5464427340,5291565024,6812442760
5562908213,5413131843,4891256623,4917638278,5263750703,7129819581
5831471236,5393712093,4758379977,5022652006,5568887074,6799125564
6017518331,5744589919,5409089628,5806466499,6806130837,7911268038
5430183458,5508728523,5106679944,5073454532,4773323390,6887835006
5623562115,5575979579,5402748942,5059448527,5293837267,6256506138
6141565741,5557000873,5912052217,5900403797,5668921353,5771941351
4228240472,3020920828,2577341812,2899398047,2811634560,2773200260
3911111916,2952969204,2751150212,2646361928,3116327772,3136560766
3976360777,3012895803,2881085074,2754403021,2763624013,2876117285
3744785330,2793076341,2933573780,2947892729,3081125471,3018533573
3646660923,2904813961,2595086782,2737878060,2715219128,3453775886
5138333818,4294161746,4255430027,4534348607,5377205483,6195848043
9930165222,6856496585,6126915393,5458549874,5345373167,5334540593
7067567844,4737935905,4403352696,4418895603,4460902112,4728856240
6291483840,5777263357,5320845034,5486986459,5829590421,6064507093
7525019740,6025543616,5744340621,5408420299,5423943066,5454193914
6399739694,5645502227,4963419490,4947278933,4824236915,5244150304
7073381751,6176095051,5053105529,4560208187,4945334582,5540224157
6849371534,5902534526,5557427553,5414156870,6273755717,6842709797
7644333068,5600621985,5370284558,4962152201,5403288059,4902370457
6603001598,5594523304,5736513412,5349767653,5097664320,5106455915
6463115065,5800238331,5524665158,5884712653,5728148096,5728466590
3504546842,2866033984,2681451219,2862497322,3188208825,3672250018
3339293024,2918309999,2776068089,2645928014,2711064048,3391398117
3351872959,2892210935,2918968470,3133841100,2987046499,3557674971
3079763008,2833041900,2558493351,2534731762,3004281102,4155319294
4738607300,4398693210,4756248721,4934831864,5977125839,8583641586
8120301034,6945154561,5569169573,5319072806,5258173154,6646782521
5601745653,5111105038,4628307730,4401207348,4520030480,6153844161
6013086043,5602330479,5753373880,5707730646,5757536501,7391199931
6142661285,5918510933,5456626523,5327007509,5417211612,6580793301
6184565863,5168787934,4973143463,5049952481,5349664301,6760218845
6303380146,5588329945,4687554538,4638995207,5706602402,6597251300
6282766122,5493336251,5155139442,5595310664,6436467265,7753162373
5888941477,5529369276,5179646373,5302106656,5167130592,6763497576
5618664609,5730317598,5877686766,5231053525,5513859079,6663033377
5730039636,5706127186,6035233273,5776826498,5580819611,5134270359
3671791066,3809548396,3734832017,3629223244,3973737772,4064999213
4848976697,3679937564,3763290140,3829044040,3827048040,3762981828
3622382663,3391066941,3047664475,2906795059,2854972401,2928305768
3400133933,2688273029,2721513257,2473076786,2434409524,2398328055
2637920219,2483473706,2449235338,2488016656,2427689401,2395455026
2754453717,2545730982,2737004749,2740972474,2673075313,2816017994
2868118346,2870054363,2975107731,3042881828,2979754969,2947529273
3490836086,2927769240,3012778906,2839513775,2855350307,2931508008
3099636824,2796887824,2808168884,2880694760,2713535325,2783649410
2801960525,2722530843,2686580123,2819308194,2741102603,2617596408
3022678028,2674170268,2814027761,2926271937,2885067241,2803840546
3248841242,3096043774,3106997009,3183486175,3138588778,3034404381
3534490953,3047786238,2874412033,2934199791,2787598037,2606205334
3142860423,2712671417,2435989642,2221402388,2069977654,1981321767
2041201487,1822588100,1826990329,1749224247,1654021650,1625216777
1706668841,1519885449,1323376067,1266089129,1299921257,1209416199
7029589531,5388059818,5539166402,5650889185,5441229873,5323793430
4980202911,3755799843,3812754606,3850646246,3826464222,3941346443
3638462407,3306370819,3215736203,2827199178,2793069666,3099783787
2862693987,2578848862,2605945129,2598236803,2614880871,2443576851
2633030219,2431456912,2422610378,2493672282,2402617700,2613214166
2602992388,2700516450,2723514305,2688126545,2705662627,2916365673
2815501713,3116423843,3075483514,3071654562,3149481507,3212981343
2844512154,2981029340,2825891489,2782975181,2917990075,2879050841
2915294194,2674864951,2861637623,2785990722,2680703316,2778559517
2807837684,2703751958,2728883392,2856565765,2738858361,2890087359
2662855329,2730622948,2694464372,2946236581,2860045066,2970406634
3017800575,3169849995,3009226983,3255163630,3125434691,3155395281
3271356194,2977513342,2918772991,2947954042,2721787770,2705082924
2856231023,2513601586,2217257113,2191239758,1972319903,2017928359
1943692042,1739436357,1851882300,1730682449,1627177473,1672834689
1472428721,1421555012,1362501927,1371833261,1231810195,1192042487
3365001822,2770237280,2785174748,3053103173,3072803066,4061994380
3090931406,2919330572,2723988355,2862445193,2699988741,4028422481
2845173246,2746425302,2697538892,2991227140,2868171777,3628058551
3037573022,2610593417,2619251693,2680060031,3068611977,4654308965
4105288736,4266055210,4775732311,4852268699,5876149970,8892911553
7426279549,6744818831,5876365020,5452971639,5303221454,6539314210
5367245952,5257809587,4703006256,4294107410,4476164643,6411628656
5650262368,5265314658,5525145143,5660099474,5640101921,7105422446
6541974171,5937413219,5452832092,5171672293,5264761825,6150071873
6590542117,5447961464,5159316427,4966199493,5564398262,6226899989
6479269598,5391690419,4866921448,4910397675,5735873300,6351645972
6536380174,5675684265,5242746925,5552496303,6862945907,7595926142
5795383282,5431555639,5114955101,5105152466,4926993716,6608217103
6150349022,5717548008,5398752585,5439588844,5212841037,6682112700
5973034267,5695716025,5844726149,5742558489,5553329877,5379871085
4306132808,3581857899,3891000001,3686331020,3884803471,3841756400
3642606540,3307640486,3177126537,2890309047,2769355358,2932349355
2686304897,2525887264,2755171869,2597226649,2612635733,2418745224
2650085806,2533245773,2454328220,2485941491,2434857329,2627233800
2675621443,2709204922,2665536073,2700993770,2731022988,3076913105
2803624077,3056412903,2963455352,3024348756,3117119303,3027461139
3115323801,3007755920,2899494305,2771904898,2899673192,3064556220
2893904742,2696861963,2642396994,2799019418,2706219846,2958402774
2926316716,2714210460,2862620953,2857724491,2684971506,2807342407
2752031640,2714362045,2962369987,2920863612,2852794987,2897410846
3115661724,3072457884,3332282394,3157795867,3075422557,3140078769
3170760432,2995907721,2774983896,2798302359,2747918829,2792782505
2836180175,2502684924,2510632601,2149242329,1926148488,1921515839
1947101083,1722118623,1715346434,1725192125,1618324955,1779318396
1472183529,1482393254,1346790739,1269705353,1226085390,1218183697
1159931291,1077996737,1040175814,1006535184,974923977,967185036
4579489847,3067054156,2939413808,2943155259,2801612536,3317116308
4007181726,2828663059,2899572690,2936437316,2944623018,3193918557
4091040017,2760344815,2559922230,2518907961,2765821107,3049376438
3588148133,2597028136,2705576040,2670448949,2626640206,2842754790
3697228785,2538646372,2510836384,2468641605,2664311215,2994823750
3870747145,2577923329,2503586965,2709298707,2900102604,2843787920
3758805038,2833776738,2756752310,2782297289,2876600048,3239596085
3795669341,2497166211,2492390802,2465304148,2959007951,2985686300
4353302051,2827158191,2963746226,3080903405,2890084890,3041651778
4458455182,2903001018,3092671806,2906023606,3217881036,3963000713
3762763530,2829953823,2829374151,2806830065,2708269992,3550304659
3408734077,2608849306,2763413886,2765328434,2744162105,3353363590
3616216831,2752301256,2676650590,2759305973,2831340762,3705963473
3887198362,3069452089,2896358409,2859370487,2915514480,3833359935
4003139922,2866144081,2751944645,2928393875,2937007550,3530029157
1903616613,1960882615,2381011595,1817161968,1984265706,2221744950
2387526950,2353363904,2441345431,2220568567,2036573933,2378793235
2797481943,2305452469,2206503339,2283173379,2459076640,2676005854
2673287806,2330187102,2392336513,2448376961,2195786124,2526667963
3396535150,2238441448,2369408629,2286734189,2547188250,2749356823
3057314655,2434942132,2291747074,2435727903,2256741529,2584634024
2977572776,2301236693,2337572963,2355507876,2361892535,2591769920
2983190512,2160126870,2416052360,2565987285,2904980575,3100800563
3121531586,2171330260,2312067392,2421462599,2498518362,2509697256
3102222011,2239754545,2407127525,2397689452,2328619150,2605112219
3683628052,2548159589,2434817238,2627777627,2672518534,3162596621
4154264234,3165199025,3067284726,3004610818,3104713891,3238972518
4532989381,3058528658,3207719278,3091606284,3211662125,3435883415
3916717137,2803183313,2707996611,2768144997,2721471130,2799686096
3857930185,2382461967,2430781846,2439295743,2543454095,2707934882
3458747601,2512277126,2309879593,2462408133,2597259161,3303744458
3249883550,2759996942,2956885203,3071140891,2815881230,3838054661
3615943359,3038934017,3024591087,3185733841,3049029192,3861508165
3378682072,2941864572,2793505406,2914930366,2853204484,3932470998
3082734638,2662639019,2589003107,2639710569,2631849327,3494633490
3133462701,2739653595,2719153366,2493470648,2505544532,3592377243
2959773292,2646225270,2723115874,2710458283,2797790898,3696801358
3058329202,2678876613,2728314116,2748024723,2772926084,3908574618
3356795138,3030135221,2866484592,2877566245,2941397491,4042423202
3395340992,2986844450,2925269188,2960431689,2904952049,3849860652
3402501448,2765352270,2780822480,2736022894,2753342331,3644423525
2933040650,2606026550,2626295005,2636283748,2774974102,3917625231
3102001288,2684307920,2868699702,2790440666,2677067194,3315754097
2734145602,2547320827,2505620356,2691786886,2547842808,3771396160
3044778582,2592667352,2937375605,2995629051,3178128294,3890572740
3316193614,2907776093,3112715590,2861772211,2961191964,3852582798
3444382548,2662284886,2861492861,2934530081,2640111854,3932359827
3463521094,2716918778,2759271711,2866517071,2773975041,3670208846
3302532828,2541855247,2738219135,2711177843,2659457023,3416069539
3467395242,2854728081,2901305443,2880304605,3139998214,3821963916
3856874925,3080092461,3239274676,2977872507,2941251933,4107498726
3552089991,3172602251,2815111562,3129666216,2844328415,3542742955
3299069309,2565860271,2741429222,2770841822,2607643563,3570543152
3675524968,2877860721,2933531203,2613081804,2731684239,3434571851
3316410118,2653692795,2867097582,2865316003,2942055924,3849729704
3123691334,2765184117,2640052981,2619930362,2967304581,3936659656
3514993885,2623344499,2614900512,2739138849,2718191380,3786715935
3328003026,3086859705,2945402013,3384931268,3419974487,4354005178
3534910058,3123270459,2880690525,2874238830,3026627717,4057017048
3153428551,2914762552,2738325906,2588427652,2596628364,3671555693
3087044516,2632925365,2499142516,2662013457,2611708279,4008978834
3202294689,2639106205,2741735772,2692042790,2689388593,3874411875
3403810672,2825337561,2753231852,2904910090,3084654226,3999899299
3359908126,2823346154,2949576629,2932729654,2627566261,3636325831
3664144451,3029165275,3028067421,3142032425,2928495826,3871828819
3591228690,3175624139,2812050661,2679829043,2742623455,3962644661
3396721628,2732384603,2745283426,2743729103,2701461884,3619635600
2950733466,2589159934,2601610205,2350352262,2399220424,3505984906
3067761334,2456977291,2692835500,2764075570,2732944907,3425063217
3359147635,2734349893,2614704726,2822727213,2719368263,3701488018
3537648501,3276183717,2913841348,2875832439,2867610463,3899386538
3555737100,3224695908,3247124987,2812434775,2849480629,3779303360
3322832903,2883591807,2766224502,2847474830,2721345226,3476338904
2960676611,2790707797,2681247451,2582957609,2822524427,3879611553
3332251707,2658724450,2874420284,2773611444,2681569081,3427911892
2862145584,2613466893,2573550993,2600920307,2637096103,3657054717
3055789475,2585029246,3000696226,3017957173,3078993586,3879853659
3631163143,2793343554,2997651321,2796079141,2933179495,3685516105
2965548960,2772978155,2843664948,2742585657,2754679750,3926029808
2917873049,2730399437,2738254812,2747711188,2720691724,3810219254
3003044680,2914611184,2780007203,3053479116,3116294310,4217417303
3400200921,3053294283,3073601252,3046881201,3083595870,4411344179
3335238809,3011667839,2997003147,2776311718,2913294673,3895723904
2875935653,2615550257,2764742647,2642326672,2670432054,3899339031
3310147758,3000953652,2784647216,2685638427,2641667156,3855959653
2959950334,2762418815,2615485195,2978164543,2933829531,4109758902
2956449005,2677097305,2638511499,2657025244,2903155276,4350169399
3242911477,2538284744,2935597087,2938035278,2853840246,4033543733
3193742058,2814208112,2977816274,3202847906,3772373669,4270545718
3236027295,2902596230,2817895691,2887932260,2882160258,3910462057
3033138039,2644856913,2490473329,2547999941,2836995290,3527903253
2961174636,2610335414,2477033204,2539558433,2625958121,3620932016
3305982534,2701161163,2722017453,2739702839,2759186280,3750774368
3527835134,2791008113,2825916990,2944145053,3055000725,3773993033
2037148327,2182489928,2187248588,2080747973,2094877561,2892023204
2256392150,2571467430,2252587889,2283837373,2127503163,3035470045
2405304795,2352378154,2251732991,2521818707,2569487119,3249397204
2461101532,2378969756,2463686498,2400532946,2627078232,3326931797
2128155608,2314477306,2330656965,2527815987,2420738816,3458380310
2378480511,2294828383,2278926534,2311021988,2266951388,3196603689
2318871399,2310707191,2417131149,2234020593,2359981013,3304139761
2184143596,2337471144,2580204751,2828561217,2884439056,3588301285
2281521143,2336088426,2538554220,2490760997,2240016622,3281302318
2251479549,2400594337,2407258454,2280829217,2451430952,3830932334
2428306891,2521546740,2477901941,2668106181,2636597941,4242046984
3264994279,3122952528,2985768123,3144283680,2901514051,4641351564
3182267259,3305810736,3226743829,2934270975,3319586418,4394370114
2890341898,2788466027,2822296100,2671952250,2732918733,3471902352
2734886505,2438196452,2505932404,2505769967,2435553943,3295987472
2700279054,2416988866,2410462614,2694105850,2962780572,4232911807
3577023159,2972010715,3019711193,2954884121,2975814762,4109020984
3257751909,2912006322,2846359772,2946236796,2954682813,4126420542
3223506894,2662098824,2608455216,2585595094,2847197807,3561182955
3085604930,2597970029,2543867829,2706758478,2609541047,3377579469
2811910564,2514145809,2547423918,2404472334,2717648862,3498565400
2982900874,2438842534,2442649102,2742065904,2716159512,3171608782
3265530317,2907808342,2691048349,2915214031,2845028579,3798752662
3164279487,2548586779,2472249729,2825249835,2774280074,3762230130
3503079277,2954229619,2963334786,3111791255,2931792573,3868605072
3668133480,2990062546,2849935801,3019716965,3219121082,3954900751
3527029847,2846268829,2824748114,2871565126,2769860892,3589347139
3288727874,2586440973,2812677697,2711217106,2713888380,3503460295
3597588818,2881933139,2560201971,2802220134,2789166402,4067353586
3666185928,3001248326,3016173554,2865342622,2969251306,4545046438
3085658006,2736799166,2894370290,2882168556,2818722331,4015474421
3050948585,2856941069,2997638911,2907269768,2799957979,3916529360
3491215654,3033074387,3065813734,3150220952,3312568476,4058996385
3083593123,2856179621,2870631254,2905192937,3065514595,4150970665
2958946856,2746610098,2583413995,2654745130,2904476031,3447701043
2864954614,2699336552,2631110177,2462754597,2978535966,3595657299
2572065752,2627270580,2684826425,2689613466,2858632112,3727330053
2762804163,2698263128,2820514744,2734695552,3100613086,3820019745
3061197188,3013645147,2839597577,2594568798,3138954565,4026646352
3246785764,3234941464,2911093699,3003034593,2833778102,4115802220
3105484732,2761056917,2893505148,2779100098,2638417008,3739878432
2594927477,2538037612,2564940412,2613581265,2728504331,4227917879
2849104786,2796146695,2835963963,2627327854,2593848123,3605100508
2797304398,2665349494,2481084694,2739992428,2620412302,4037177793
2791290008,2673515453,2889048771,2943941030,3092666282,4172369231
3170759508,2950226523,2989514859,2982942941,2863230750,4067472263
3765298568,2863683210,2751341765,2819579339,2754864767,2991783577
3603192361,2931767804,2955080981,3003503713,3187185684,3533470220
4096173908,3086458353,3290680312,2973745957,3054598666,3542297098
4082383213,3229270465,2955533337,3002616964,2993474945,3216814696
3462834078,2692353983,2544762563,2711448655,2632911709,3167875450
3968164173,2598431432,2823647521,2575006714,2650886380,2978150568
3557122117,2672900619,2766645703,2609322019,2945921622,3570966271
3399400197,2879912041,2596046633,2525488564,2994368858,3263063248
3678526475,2816615847,2574771199,2676225948,2775276025,3253068956
3627707651,3233771078,2957601588,3193429006,3372270468,3776845062
4128606717,3211927891,2902282146,2921432547,2958447007,3504697446
3817347954,2856861646,2809963184,2674841506,2624128733,3405477849
3478136172,2884167080,2453690276,2723390104,2543219794,3342444160
3566272783,2807206729,2683707080,2637713493,2715281930,3457202052
3665456844,2899625128,2884480755,2745529435,2923574753,3369832123
3891532153,2916165961,2952755199,2963836656,2780100592,3043197795
1957846783,2055678347,2017395114,1891415326,1961541860,2149699460
2574556715,2154013028,2494269786,2196497523,2057925391,2290739486
2883901493,2315647654,2234513393,2193034367,2495532937,2430813716
2991982373,2422015324,2401909285,2510574774,2387227403,2638974645
3205745119,2246086999,2349947587,2224792709,2430652168,2458206825
3218376586,2424371127,2270928561,2426289548,2311740941,2470474020
3077768120,2260819857,2330951522,2389621348,2260786910,2481009016
3281430859,2122601202,2369864692,2525246932,2790165388,2710225552
3549960919,2277771951,2318118087,2533114255,2516930187,2310163644
3212931771,2246531350,2451372770,2503513484,2471615105,2742895001
3520673078,2567754702,2429539914,2635912561,2586241477,2872132600
4235244588,3087252688,2987405130,2998819698,3126962280,3110256349
4748797160,3118034757,3183735067,3210106322,3166433915,3387038237
4208003661,2930166091,2666004999,2803431851,2617014150,2846795125
3755846865,2453259258,2533727423,2487767479,2526422685,2782747117
3436778820,2423217143,2309795238,2502715477,2645080462,3332267715
4107133715,2933796637,2823435643,2946087654,2876862739,3181797914
4415678497,2832538336,2924258119,2848259612,2903221873,3086453851
4211154357,2673133456,2660251659,2611938523,2719022119,2883723461
3682873118,2544987781,2612423462,2684217157,2691402116,2728863905
3697714847,2412417797,2495106313,2438536598,2609145751,2863849396
3964530337,2551528923,2485571275,2708082382,2857167867,2786494731
3984416196,2903606123,2836806132,2914345190,2877092014,3069940689
4118322542,2511672937,2531604128,2648294155,2959050069,3126064033
4214945155,2898840717,3041728103,3121979612,3001045192,3450238052
4052460639,2906880947,2824485161,2782757112,3240079820,3152328159
4137825109,2472392411,2758827875,2697627074,2655516075,3064438706
3712878877,2681065792,2557266147,2732191919,2587675690,2731122610
3966920813,2964734250,2778057041,2598351589,2776022973,2875523434
4348874231,3280904991,2970083963,2926408863,3169548317,3384432581
4259645173,3039618063,2658787770,2907407982,2973059937,3161485472
3906546255,3009951937,2769343496,2908239778,2798753615,3135377247
