QuickThenInsert @ 30,QuickThenInsert @ 50,QuickThenInsert @ 70,QuickThenInsert @ 90
2633710629,2206185964,2021710562,2289296928
2681579709,2172459971,2090390939,2418384997
2452680385,2033974972,2226592494,2349567981
2574078728,2143494020,1942549565,2437322720
2560248869,2036706971,2076594402,2210188496
2535303806,2079952199,2061608250,2246708179
2651095859,1960109355,2119165419,2379854990
2688614477,2080577748,2137321783,2178193176
2467104818,1991170006,2077879482,2240653153
2598221080,2027239327,2140556586,2314595522
2875741879,2050764228,2765903834,3165487443
2322508005,2034345584,2155652932,2561397999
2578220528,2077485172,2161399882,2340868706
2753350323,2217797135,2056742352,2334828065
2665003844,2112642459,2105994930,2189897150
3024905549,2169366734,2223387578,2207745084
2756360597,2147150851,2016579462,2196437986
2777498517,2090025061,2192654043,2227872323
2758444735,2160863612,2065776087,2318950895
2755402844,2077138809,2040047590,2304942056
2657919108,1987802770,2221970799,2176204555
2605889357,2137093047,2021172132,2140488780
2609766737,1960173292,2117257439,2191546618
2807289309,2108643673,2068151421,2193640302
2544301440,2032715846,2122123697,2151087527
2871597841,1967193908,2088984356,2168463370
2979399562,2100232240,2643232722,3196203676
2432609115,1978825641,1988396006,2276418781
2964585448,2198871472,2183188679,2162797727
2936198074,2182086329,2072599220,2273968358
2671050796,2079425996,2087519889,2098595770
2076553892,2058615766,2053367097,2871506965
2086814809,2193545700,2171462681,2851074379
2142198923,2085980385,2163878830,2740655468
1998614802,2028174395,2139676934,2822389567
2047473592,2031559405,2034700109,2688608670
2260631252,2186902788,2130483851,2720129309
2178236748,2179834040,2057109453,2915524776
2058476995,2087523334,2218524531,2791567840
2180192675,2159209475,2241945322,2954589322
3062230306,2326565031,2338293712,2747485752
2131936724,2054700267,2119139351,3183678321
2159402331,2192281092,2171949587,2808429955
2071931938,2077653109,1999721938,2949990263
2068409686,2130235040,2187649378,3039838813
2117781522,2177892386,2161806269,2893276238
2159926722,2032099498,2272364548,2780357964
2160732524,2145408497,2251828758,2579608639
2029597689,2131867667,2252673126,2830654857
2117152493,1979322797,2236833394,2835770687
2051824316,2258044920,2207423098,2599679047
2063228087,2031310392,2136198861,2601315456
2003682906,2105565940,2228826958,2748613016
2068445505,2105100712,2171372853,2440029106
2063418049,2119370056,2240391346,2789818866
2032034154,2156855197,2101787452,2871608166
2086209362,2345368789,3423250212,2348519342
1969724410,2011431187,2123121310,2960684590
2211310587,2224951418,2150708312,2983983513
2126056716,2190105055,2162337042,2780223895
2167836070,2107822427,2022443092,3025469620
1976077389,2107596768,2113175901,3020137536
2140772453,2134831078,2290063288,2883601444
2239769167,2231822146,2278011429,2958703086
2224620092,2217584186,2127801101,3055422711
2134969288,2157778820,2217846500,2915216506
2122150734,2253362313,2175056555,3028676495
2159897605,2174904319,2191356025,3083047382
2126591694,2336445095,2303219726,2947294304
2136696575,2150894606,2262287114,2884256550
2159103801,2151043566,2204447187,2885436567
2165784908,2116182656,2256445915,2941854708
2219029290,2179566023,2185154927,2756235800
2195146787,2110359156,2286735600,2946294373
2191815262,2151224149,2326416693,3013891176
2296906526,2237011408,2247171440,2872253371
2068330437,2276687763,2259372158,2727094911
2197754109,1860045705,1891918846,2839395736
2267979653,2030730527,2122453268,2946526019
2457110189,2381260490,2377330849,3609071901
3092302665,3131150586,3059271450,3805610134
3004117265,2570422152,2444678831,3294221057
2122253769,2334716180,2223191767,3168297636
2269450542,2251186276,2176430537,3176541940
2246839532,2218601683,2436427322,2883914005
2202023025,2274995310,2065934546,3118851378
2072823745,2107143094,2113589327,2966903504
2214300798,2160417727,2199739705,3001444128
2079991165,2181606509,2310083951,2931363810
2005259995,2153972948,2112385630,3062162055
2156221204,2170096157,2205310269,2988309306
2122495602,2262940547,2110049616,2923550533
1999128529,2213806118,2416660055,2905743608
2294168689,2189622716,2129873946,2720568327
2193859275,2216865688,2056275593,2597456847
2271210045,2114718874,2145937250,2743255927
2205421586,2086000177,2066053195,2834278698
2147973623,2178589545,2045762497,2683894610
2146337298,2046870862,2067025759,2612105714
2220813364,2042121164,2133786202,2768579263
2254646323,2156944042,2077294180,2532329045
2092183111,2022149266,2084245515,2706240371
2168299586,2086082492,2110365329,2868988838
2329537757,2120585021,3335957418,2726130360
2166452217,1997348841,2216299267,2767775100
2341817477,2199381809,2155058677,2861927490
2270793616,2238020997,2043400446,2699800636
2298432383,2042791711,2054814501,2787334288
2197135447,2105468325,2070334648,2711886648
2251794947,1932955966,2034243710,2741304924
2107949289,1987589247,2054626381,2670871489
2163457479,2176032022,2138853923,2834424579
2289178515,2135236265,2192155087,2579563238
2179125604,2049059712,2145266285,2794531783
2089367616,2063558601,2128971358,2703133651
2145845502,2191819098,2052298317,2677311409
2272865343,2163683126,2053863890,2827021745
2207072638,2079025370,2253254270,2667599313
2236955950,2074669431,2216959616,2814540629
3272185111,2434257025,2330874976,2637198627
2216384034,2044833945,2072269938,3047234751
2217165972,2165633677,2193379831,2820955097
2160366381,2145637313,2112708013,2922071657
2150667822,2106406036,2120376685,2919091807
2131418105,2189358061,2175313471,2777753831
2683682571,2102862093,2006100860,2078797958
2680553143,1978029695,2157133613,2118236777
2799534850,2113365279,2100651632,2294446147
2873807015,2118410829,2027129195,2238549114
2822690598,1982474762,2083741503,2095333159
2887361434,2061400413,2076591128,2182600820
2493353067,1965736718,2110179891,2293980343
2704615405,2064371815,2065633180,2188217449
2532874070,2023415170,2144483144,2234760828
2704674830,2024279488,2104226010,2178760459
2946976541,2116775601,2782708502,3217765972
2322280524,2003044874,2071266022,2373606711
2839921159,2265471675,2312263047,2383289631
2758949745,2171414993,2049581233,2252882170
2644593148,2137595414,2008479443,2295675788
2557920895,2069999673,2030313791,2474869763
2556284780,2031919045,2014149511,2283604839
2716578117,2119789753,2189431392,2448635201
2595257019,2114199830,2159134889,2331745079
2650427337,1923917657,2047444287,2330792778
2393531486,2085271576,2086088728,2290556095
2694532044,2225442448,2044643205,2259006158
2660085563,2038624260,2055202823,2326097019
2629207260,1981817179,2163646530,2397863052
2531072483,2245325932,2102837044,2336604920
3270706403,2678459984,2314458220,2481226010
2676590770,2097087459,2062027950,2289998724
2841852596,2051279813,2110254552,2212445652
2870614398,2044208757,2101358955,2179838308
2817657833,2082491784,2057163936,2244960839
2694161811,2127701373,2124100539,2306862994
2053082078,1639855657,1766802931,2444658488
2586739672,2087033941,2058966358,2318630193
2766509395,2141107263,2368702733,2578178340
3706211929,3027225894,2948544011,3236026682
3416515034,2780092461,2407077791,2699486366
2972738362,2305652151,2216338988,2490154466
3058148017,2229222223,2110597558,2673137425
2728371787,2239130821,2268097238,2567650039
2703170221,2313881748,2232953913,2527972514
2855917857,2171942379,2258197082,2494810406
2494715306,2128237829,2214746837,2614125821
2416884081,2178574925,2128725920,2826826322
2445269647,2062869844,2068652201,2654569266
2594554290,2065054368,2168529467,2829305490
2529356475,2141812320,2113646965,2573221597
2493721220,2130864897,2134227569,2734307347
2528946302,2261158844,2278716933,2811313536
2327636698,2152649955,2182774951,2700967421
2473891024,2075188609,2094731984,2657632374
2581248114,1995661474,2209729569,2646099078
2525714428,2142907056,2014723488,2469277213
2588700736,2227383815,2212766213,2653130119
2566888057,2272284800,2131492108,2645380445
2435353114,2244261150,2020774505,2645717968
2352986655,2140787765,2088917412,2632388360
2522716460,2121223854,2131275934,2551508108
2608539864,2150800830,2186661103,2356021523
2693759712,2076011986,2094851217,2611336498
2695188830,1994678699,2114079602,2305941814
2859651867,2460202035,2232584401,2523516768
2779903682,2167627540,2205371224,2463246570
4371236513,3203772525,3272755492,3665885430
2769527811,2127176830,2031386532,2166898808
2367681794,2306114203,2130756076,2382184312
2355090222,2150140757,2166675652,2262723897
2279665583,2320929798,2231918681,2400121593
2634139644,2189561552,2156193863,2104716451
2185748624,2089402885,2179920556,2196462654
2259706933,2204251057,2140821037,2283592229
2453357687,2221189733,2160872696,2331424516
2799243374,2210997156,2184794312,2176332977
2328641619,2239211469,2122482887,2355542739
2611951100,2335741662,2429104683,2469448683
2733679194,2231550219,2159799915,2258459817
2426909981,2104840241,2262652044,2319393565
2391063906,2193144292,2224186076,1965044293
3433730676,3360635978,3381557173,4176357856
4169151131,3264212364,3218480043,4287332239
4203262267,3215841337,3214618266,4098097462
1941324494,1769816033,1758309272,4217533745
3775411051,3281900483,3295893557,4081828380
4022360436,3367690813,3280736088,4290141916
4277577475,3360723510,3284000143,3922293156
4251978430,3469622969,3572578163,4238912977
4266102289,3425882519,3501386813,4064072696
4024959787,3396503332,3309398701,4249135880
4104799326,3496212737,3378487651,4728847661
3932748226,3354158072,3404025532,4754810176
3988778058,3388418596,3572600991,4599620150
3854871474,3514397839,3527555633,4633181406
3449713353,3264099915,3195094784,4585979596
3618444866,3260772299,3371199434,3629719576
2205428449,2061370219,2205192451,2854167842
2169734997,2202185776,2155364106,2571070277
2166762436,2210506096,2280278742,2725579113
2151312780,2056732735,2234914058,2749803546
1992655972,2147652832,2114870245,2598044702
2105196304,1993432546,2044297628,2678491090
2113818685,2107478347,2081861781,2825360122
2197554637,2099057268,2089706189,2518909133
2082725694,2036527566,2083713007,2751387080
2150980669,2064440576,2041417331,2989886766
2169449412,2135104509,3433577162,2634923536
2049937865,2026742292,2163673619,2839966431
2281842548,2256637942,2137841814,2969123188
2164902712,2191774368,2074774398,2722299389
2230491976,2132211439,2115323559,2903216324
2066984831,2143177110,2071839013,2941040424
3464036746,3351305624,3314915127,4442035438
3920833700,3261773808,3208387142,4516065463
3851670000,3361648742,3250095069,4013510311
1799871842,1678709732,1715793372,4768098100
3927738804,3252836283,3315009214,4652284778
3823266351,3279893612,3265191255,4638889235
3622652425,3400252134,3334356892,4425499925
3965323733,3476739494,3585621929,4488222267
3722421984,3382589240,3413741951,4311288598
3991451385,3342168594,3362230617,4483830426
3817091366,3523007472,3095723510,4306521764
3995479992,3304250746,3402446044,4506123571
4138728450,3182123069,3418819735,4282328013
4106354465,3594680023,3262078056,4103778874
3713010933,3271430986,3457521821,4112307054
4065432330,3134370178,3329736027,3762912759
3415949889,3314491195,3148575631,4972095373
3475956892,3232769552,3088784777,4951068572
3378832295,3208247122,3347861708,3753925332
1743085249,1710967462,2077567995,4903863498
3372394569,3209271972,3391692530,4902075304
3573477639,3326644782,3308313969,4908494066
3484214767,3247514230,3498905321,4841721995
3637633587,3550321796,3546079388,4955469352
3563058260,3737702275,3546518998,4582106550
3596955040,3366825113,3492220512,4615337075
3478570110,3326528104,3711296503,4634059441
3481365108,3428412602,3581886918,4535756727
3440173130,3511808402,3507042738,4585332266
3749915314,3494474343,3609498773,4333288899
3223912679,3324789237,3494482264,4709753405
3371976491,3353019499,3149123637,4642725191
3636038836,3385795913,3298360141,4873263147
3147129695,3130228105,3320523244,3772596946
1754298112,1715046859,1960252456,4794413392
3581261495,3355445469,3351216748,4827038774
3602693352,3286358777,3348900089,4741792391
3622945091,3301795420,3429200000,4655745876
3658038466,3524759676,3553902584,4804856615
3555033674,3505703878,3402479193,4523891574
3742661459,3423188580,3392522999,4817586886
3545147136,3529600902,3323410595,4858638693
3872175590,3342337491,3385178968,4782080990
3839117813,3305134340,3422205352,4739813401
3742308432,3440572264,3473730403,4503844920
3455020047,3325734330,3500949552,4504779827
3427632468,3228477675,3409102528,3637780303
2795963494,2020386433,2056460081,2300514764
3440544516,3390553235,3137203151,3755193429
4548710671,3250733528,3304000409,3740541378
4767343138,3223731777,3290147110,3759675086
2540246939,1829336771,1768821659,3306942369
4674967761,3382071845,3255403120,3843523915
4531296899,3473771833,3168602893,3836850166
4464373895,3243607773,3050005991,3378631214
4711087245,3584820682,3464603913,3727592866
4935341955,3294209820,3703689864,3358892054
4603932419,3457195227,3400425636,3534775483
4717505572,3438289747,3265425275,3705146285
4734721105,3466426048,3526313697,3788339940
4635746850,3226653975,3330348239,3412292797
4735740640,3583448030,3502926725,3676275799
4243580103,3324120582,3352066507,3575039639
4765565323,3294299610,3404768194,3444035787
3362826389,2133110262,2151856718,2276045385
2517029529,2158341355,2183031026,2194719402
2443977390,2136616765,2172517457,2279477265
2529447629,2218657553,2249095726,2155698041
2429417357,2170198773,2196274725,2190086476
2534429555,2215921491,2236835262,2223579455
2201147699,2164922128,2127037544,2283306620
2456187929,2192500227,2153857202,2176021191
2463953999,2472301144,2152162769,2204317914
2430345107,2291693173,2184288570,2109529595
2407445496,2474319089,2373666892,2289881595
2598209261,2477074796,2255069661,2113646909
2458026604,2423281239,2256629808,2117657468
2367795412,2257111166,2285990026,2199897666
2831821465,2252108705,2183353436,2545562946
2822453634,2190442561,2194691142,2538048582
2882354395,2135139355,2183159998,2323457097
2780009511,2041993660,2105587357,2501279392
2707475120,2104987022,2139795648,2459768482
2797212596,2195315342,2162731410,2425953774
2816293493,2091233138,2158768903,2474316207
2733207484,2155431146,2174912555,2523103169
2713860214,2175357776,2097262304,2397517348
2801819405,2230361915,2130845929,2499658352
2769373099,2190509955,2204862267,2370372340
2636792962,2058041732,2023529643,2549947615
2605282992,2040180451,2161032519,2628584835
2903384287,2203700834,2209159193,2393383548
2781564713,2150979591,2160888799,2307283582
2136330315,1610920764,1687451408,2116821913
2696321590,1917129956,2169462334,2077142864
3071715748,2332942732,2399622386,2373891427
3659014777,2964867217,2949288595,3339781606
3950775022,2699879213,2393291429,2820828068
2888858199,2233791859,2276861070,2619536996
2696022725,2161066636,2079518172,2565759475
2863582653,2149558469,2160234218,2366524156
2735301137,2270457887,2184366395,2433627876
2828941474,2119338107,2185388538,2261847661
2811628230,2090691556,2272350735,2406086723
2671764133,2092551325,2040178984,2592765682
2715083074,2035020336,2069484218,2441955302
2881064122,2098185015,2143747389,2490363006
2816921457,2100397340,2200610377,2354265885
2693500180,2121739970,2187156228,2598058512
2910273034,2167208278,1999395841,2013663188
2747856604,1935451224,2199983649,2059298348
2606535388,2201060164,2170868864,2182904567
2819870009,2171137796,2063040485,2170443070
2776661128,2160972218,2137058570,2129869598
2845694814,2113536442,2071021292,2055613680
2656984850,2046661150,2143468545,2138583146
2857875205,2045217199,2054499441,2026669253
2495082726,2128818638,2105404798,2052941263
2809341838,2104452686,2103633938,2064082029
2965855335,2113674491,2236977303,3366576547
2637527687,1984792019,2027572071,2235051708
3017200505,2212719868,2209443455,2144560344
3118292536,2132529558,2121138216,2189500811
2791857391,2102681468,1996274523,2049493562
3044392550,1965795461,2113840638,2064288640
2752112055,2116049257,1944913905,2240087273
2694825324,1958455441,2049231090,2021060113
2810360025,2103343616,2143657184,2340466993
2681411900,2166244995,2156921438,2222811286
2782891632,1957851812,2089535968,2234176495
2708468144,2002124790,2001710243,2124554003
2841909205,2215541150,2077018765,2236772941
2703550103,1943416314,2126791134,2216980353
2771664759,1993493025,2163845170,2214029869
2732456586,2112002316,2160521783,2263569327
3424138342,2821925455,2410430996,2312790046
2849302189,2126414150,2055381070,2192015953
2972058063,2199254888,2253216783,2356056059
2532357216,2037016117,2135972876,2111429728
2846120261,2144722876,2064469201,2123309336
2827388097,2092094199,2158849998,2092188446
4269369957,3161252656,3411614301,3689082610
3079889083,2170495149,2138465206,2279602392
2194290042,2201218231,2161916532,2386128909
2349806978,2190693504,2177290800,2264609631
2194641220,2337523737,2266783146,2358066148
2312029187,2252471459,2138224545,2456235775
2292024673,2212893229,2157388018,2403040168
2151651753,2166838440,2145234957,2408743133
2469757659,2113981358,2181323426,2239627014
2437865939,2226195616,2251279023,2306222510
2526741760,2196314401,2310995037,2275003557
2383967849,2309016072,2325372704,2379200344
2361603012,2215301947,2133299666,2259860319
2412697922,2125417304,2152881052,2368966324
2432470488,2274869575,2252431590,2238616645
2784149770,1940445080,2067838305,2264485888
3345989920,3336752933,3216800016,3561003672
4790697751,3302974956,3383075045,3604063424
4830644095,3229986861,3284224547,3600098604
2868134951,1811604554,1720996461,3045315599
4922369345,3361158415,3190885771,3773843434
4702207272,3474816453,3215270713,3609937811
4694738797,3310142152,3390264567,3813504087
4561315152,3550817221,3590571726,3998313763
4705010323,3349264423,3675265658,3954596095
4425783879,3385831943,3452966304,3676482862
4322418477,3485091350,3270232728,3768112435
4678863875,3546601948,3543210355,4012346792
4445099185,3289499006,3488047823,3912453116
4542787087,3520268471,3312634757,3846270661
3971610236,3236968350,3451809305,3801858413
2960693500,2012096674,2071832846,2230842000
3308481230,3348653971,3297003166,3329182917
4970575650,3394900764,3206793796,3372887959
4969553905,3218536078,3198368330,3418965160
3257894368,1780471146,1749101687,2659053256
5051201631,3411207093,3146581022,3641062774
4887480118,3387834813,3237757982,3524278614
4862460937,3407373038,3199001167,3808467178
4616682159,3468053846,3413278213,3853929290
4798240189,3235931203,3409768020,3445077125
4334219617,3300556402,3357150781,3380157814
4765551445,3219524140,3274277481,3274423585
4825721034,3800510626,3424350133,3521399192
5057804600,3320427659,3275599688,3350518364
5024775863,3423807476,3408796563,3498815221
3338537041,3285214140,3356874233,3238967542
4943326725,3314954877,3202442266,3178199894
5138654385,3174603380,3200677353,3341603559
3565169297,1789437919,1767181560,2504121502
5159981172,3432765974,3046971055,3472001543
5025767575,3474863962,3263587173,3247429757
4877422516,3329196278,3177874398,3350922034
5013098930,3534153822,3548852824,3507183598
4947508175,3169024078,3538917554,3343605673
4717185622,3496658810,3304501775,3351042418
4876442661,3378310797,3585461187,3474824384
4889201506,3798865705,3633549181,3658409138
4841384376,3245076145,3591970196,3781886202
4739760539,3551108678,3371024968,3818997397
4319144924,3318269398,3382486490,3742107231
4840760581,3301831566,3346308877,3896937030
3423203253,3178295348,3225194316,3774162366
4514426335,3273891644,3272335965,3990490699
4539356676,3200104720,3188742850,3923414500
2212546901,1720942174,1779697949,3480848231
4620570259,3338608401,3057137710,3977115699
4355165672,3467304770,3128193266,4050272916
4449149742,3340197546,3345705715,3965315994
4230830067,3518348900,3591395652,4103532913
4471042390,3369918218,3595191268,4096484938
4139602210,3435585021,3439559198,3814617454
4373120581,3450822847,3239782840,3849836935
4341739914,3453765504,3380475339,4069108533
4552947194,3199083474,3508402822,4012236674
4341496731,3489405106,3257664357,4019307758
3942451730,3214184608,3415210133,3990019767
2341205898,2107435997,2138228753,2663140992
2280591599,2179146921,2009321192,2580177440
2348182895,2002291431,2144278586,2560032487
2276166554,2075274026,1971515003,2622967342
2236172905,2100582869,2064337927,2648728915
2356355643,2050981885,2079261313,2457153979
2364046426,2048988693,2086550056,2553105696
2488131209,2041827628,2091656680,2326944043
2270577372,2060493900,2106171147,2577005672
2399114273,2023451356,2093987459,2648453902
2456005329,2078539781,3120040648,2813751732
2222132713,1972652717,2036000278,2694137844
2508119802,2147464454,2104062634,2697995221
2541023089,2240090193,2043859850,2576627199
2358557891,2152963075,2015207685,2365948874
2472393700,2039160913,2104488328,2422898582
3336542725,3407836023,3361085194,3446877707
2197173247,2119522892,2268469822,2538407556
2204562619,2354412738,2120527315,2438410714
2208445960,2267874146,2294392330,2522340328
2352834185,2303780016,2254982139,2377067296
2271332219,2246967606,2159487401,2461729694
2467213458,2313261192,2534087883,2121402465
2249030706,2242466735,2274492305,2279875187
2131959026,2178774970,2396259227,2347823964
2253046725,2221979923,2210771632,2392853721
2349473460,2175957520,2364637568,2267283708
2347259022,2415275901,2597749477,2365621998
2314441262,2334598875,2324558937,2288251438
2214461780,2140998687,2382443348,2237118205
2305116323,2299653436,2251582135,2098389357
1982893561,1900598715,1880812934,1873553180
3118996686,3546451098,3319120676,4080920463
4390893497,3345506863,3217866109,4005089039
4366623654,3244607457,3245107078,4100061129
2050029646,1770690767,1775154808,3949177684
4447723622,3107861894,3222758638,4222213047
4115800306,3318078731,3321462344,4349866492
4125870756,3334307419,3382809749,4333177712
4047919250,3390291279,3544033440,4278766108
4004075871,3348392323,3511335410,4079132513
4176000296,3353947618,3153758733,3946901194
4099033790,3458538902,3278963773,4180642058
4365112140,3481288564,3405584555,4319826043
4242680602,3155781759,3403666794,4153096822
4359511625,3582790914,3508477518,4342460275
3519810784,3256692130,3456185844,4227839914
3975056438,3322349348,3330276786,3728650119
2234753154,2051373065,2060829038,2612264618
2243926875,2171669183,2205278840,2658800473
2167836038,2091533529,2092394840,2436604211
2267660257,2060272755,2100945023,2622378224
2114195079,2084173690,2051825123,2504464912
2520388368,2274294189,2041804678,2436466379
2386420078,2120449910,2069396844,2586868731
2401197833,2023441848,2132484423,2624777690
2326780894,2215707160,2114819823,2637016250
3487420488,2445523942,2340990592,2638516408
2483310613,2039666109,2097586118,2665279328
2418337616,2120536416,2264741856,2653035670
2305302429,2127220834,2147892817,2615757629
2542888895,2115983781,2105516616,2666481083
2400809376,2145415592,2154235072,2510554015
2325413851,2128120304,2076230354,2685093313
2101032294,1969095825,1938975565,2440179999
2277330355,2166688802,2111198826,2625585174
2319227833,2080775714,2168291751,2584558884
2359673378,2067521405,2120628631,2798953747
2102683474,2114246155,2093417263,2563412516
2498183922,2220738843,2033172011,2445294051
2469110735,2157743018,2089457066,2705632819
2290194722,2028389464,2061993804,2668944457
2256124778,2149720570,2043134024,2788677233
3347821101,2441088297,2229182411,2557244408
2438110630,2037192748,2153243983,2782112952
2310540874,2206011226,2228138520,2653315148
2275003951,2196980423,2158167553,2775565225
2310594691,2086563887,2056373048,2732690102
2338774367,2204931697,2168310403,2597377060
2348097153,1883120369,1958495401,2981673327
2190963790,2013622739,2073723340,3079638365
2400079387,2415601216,2294591114,3807709464
2947825290,2941358245,3006488639,3843069368
2818032083,2546701863,2319884590,3216509066
2350625551,2310343078,2222283769,3294458586
2137828141,2246772724,2232889944,3289895044
2145082547,2153258416,2228041980,2798820619
2231752469,2296841858,2148654702,3113298398
2300827579,2186253581,2172597800,3105809265
2078244212,2175796739,2021268843,2882830647
2068254543,2153878412,2126945200,3151464753
2110309957,2114148245,2120842983,2981702152
2186858526,2121988424,2160213838,3075725409
2152165159,2129685662,2017141768,2920975227
2155050792,2192374123,2197368166,2881605310
2287365278,2171225348,2192959081,2743574750
2322120386,2303855943,2361630122,3039523689
2281604915,2326967615,2172428210,2851579949
2234572668,2132914797,2244793573,2774982142
2147688388,2388242133,2239499431,2726745638
2236954458,2065022492,2152880214,2916433404
2274315542,2235974309,2084741895,2879968987
2347164168,2145670752,2083559487,2963481917
2189751336,2103454334,2081919559,2880473463
2401715140,2098739761,2218674474,2940128272
2276844217,2214959033,2163230108,2670125484
2406937624,2127840924,2066068417,2980412061
2292086800,2079099054,2215018673,2987344571
2574227935,2259467266,2301931744,2937409129
2255659341,2307817214,2252903826,2576768571
2999071333,2136190759,2145310574,2299768723
2979850602,2154709236,2170536761,2386316493
3004811368,2093675410,2270198960,2164284991
3035375095,2115256551,2165787437,2305010621
2942785032,2186682056,2179295732,2155171849
2919479849,2179837505,2256881419,2232119179
3059069598,2086613238,2259673834,2288495263
2988675638,2110256979,2058340426,2269628890
2886586053,2032463246,2088025092,2140964554
2944577796,2159672673,2078204366,2309178011
2993699652,2234679382,2264341286,2214756208
2965752779,2059241229,2106703273,2412893692
2964326954,2009837654,2179785478,2393751984
3164327141,2288485685,2270984845,2308583017
2985879284,2082439317,2430407353,2435496435
2191887312,1661876951,1752525431,2181315868
2654000747,2033472062,2128434599,2195490102
2809730875,2144416249,2402454254,2323055748
3805903900,2830411934,2946102519,2833860352
3702010423,2762257510,2449360572,2394663008
3371793431,2194565300,2266995077,2230420987
3346072916,2146338108,2207385120,2185055760
3187472380,2191780318,2248436794,2367368222
2840684390,2065070475,2433956682,2362666493
2966732906,2135990262,2237725633,2273840851
2784584728,2048716755,2324855095,2327655145
2794568555,2103302482,2018085002,2425680220
2875808651,1992120069,2050561963,2179543684
2890947723,2037451603,2123209007,2348371180
2912318656,2064980712,2172888819,2137604627
2927016857,2016754548,2158050281,2436705261
2633600807,2275956404,2145627502,2558063424
2499909995,2064457901,2072339359,2532910782
2460079350,2123968055,2151004767,2556446329
2386167905,2154851456,2019182205,2564415566
2445612047,2083936349,2191136802,2460697489
2392632509,2079650154,2068544582,2359765585
2424324656,2017409786,2087225345,2516107030
2542967111,2150352317,2059766450,2297221743
2382897982,2070390059,2071633720,2482441844
2446194623,2033014278,2155249544,2481634435
2631325037,2099297931,3073282359,2954744519
2244100439,1920355323,2031030140,2596711116
2494536996,2256104887,2191639171,2630140731
2590812810,2188072942,2056840912,2427607546
2446864539,2128081271,2073219957,2668581089
2374940908,2056956953,2118564451,2603803366
2644144901,2127018962,1931965427,2340331039
2637617624,1990400650,2005994056,2142780627
2717381281,2093843724,2163486783,2384324462
2695107213,2156804807,2140701570,2249388482
2697536162,1993689889,2109209473,2316533653
2426731036,2056588353,2073284075,2209576943
2696739316,2180849534,2032211589,2114280251
2685709962,2140608593,2183723480,2350299641
2706935585,1944552087,2082224131,2346450454
2716120897,2165238935,2105153734,2371404824
3457254248,2771837311,2446026919,2608203666
2595417737,2124899000,2064813364,2344232491
2770160147,2114459335,2111141271,2415469213
2558391044,2101034552,2207237996,2494634265
2711387863,2179152958,2147624044,2534170573
2393292429,2099768932,2170403528,2494515394
2932298128,2059988424,1960080788,2232727455
2788972101,1934347916,2024421412,1915425555
2962772699,2019726393,2188104696,2182654069
2855077709,2147603250,2096692987,2085179279
2805880391,1996267492,2076988816,2188607368
2779918440,1969981591,2016397682,2037386691
2891757711,2175960422,2161618478,2155099965
2865321762,2143747108,2085949602,2007194635
2793743302,1967530668,2058745561,1943137628
2722352463,2188346847,2068559688,2159724785
3078556553,3092790759,2457273590,2264372668
3034863574,2131960678,2070996276,2164828268
3146626277,2192293155,2189535215,2240021326
2826366165,2091762017,2121229697,2080383995
3053935039,2063756455,2053978519,2124709942
2218612448,2206440057,2239855310,3064994089
2164282077,2247902941,2129762923,3051296070
2262970807,2291716390,2123210149,2921650719
2200560128,2106066642,2233300703,2751480885
2165211106,2358833615,2198077205,2867995316
2168542946,2164935962,2211937328,2926452360
2232604176,2309808005,2230079605,2751355848
2350300602,2209185046,2250779270,2900495666
2185595247,2140075888,2204051161,2889075769
2255243340,2111638754,2256309875,2926471275
2276637883,2248052309,2263358524,2929521301
2144843935,2079539642,2365188109,2985051537
2123505619,2165921848,2285420080,3068691903
2151548838,2272465897,2264080181,2934020346
1965234483,2154954242,2192841324,2635650926
2176348477,2055236474,2157477711,2803565204
2072315017,1694540155,1779229874,1844094791
2900798859,2154037997,2060985783,2193151980
2964590364,2362998985,2329921075,2749859388
3544405747,2867746740,2944855891,3560405506
3275114220,2720269253,2372131508,2610888551
2864434080,2252464334,2242351831,2424635439
3010012866,2213980998,2195193375,2440566984
2957604379,2175899719,2104792457,2163639032
2793026332,2203272470,2214829418,2061546155
3150785146,2089973134,2182223650,2088613020
3100931122,2060265935,2275491904,2214197428
2969322264,2115394518,2139407457,2257978703
3043185791,1985097669,2156607736,2366031921
2872911153,2072835356,2021183403,2433055267
2931001067,2087430368,2277219275,2250495568
2856006762,2042973970,2177659297,2516342618
2903511437,2152358841,2128941095,2493950527
2918929740,2313795886,2262753576,2435422176
2867489581,2096024645,2226756639,2269803700
2901882305,2088414582,2121788029,2377401471
2764151058,2162077923,2222658445,2257127207
2833254723,2144724415,2171667236,2336451457
2944632621,2082017372,2265586522,2357328024
2835924832,2102471647,2030659476,2342550577
2788707853,2105875647,2061246472,2322356190
2875865815,2170990975,2133631631,2447695277
2896674303,2259971699,2272787625,2328746651
2831336892,2071208756,2075134103,2453630437
2908009525,2041585978,2132275907,2711412883
2865905004,2300010092,2257939986,2647020412
2491731072,2221337817,2270043764,2558636163
2430188890,2094119754,2099349658,2712163601
2505342670,2383586618,2270374844,2749935412
2444026486,2168886223,2185891662,2751427564
2398106738,2060887849,2220547201,2691060630
2305165052,2331261229,2085792737,2680483233
2389073714,2185277216,2207897638,2759650723
2399519068,2291091826,2121060184,2725552481
2399686525,2220915432,2091860561,2746549383
2359367487,2122184858,2123137104,2759866180
2423768473,2037515304,2258448268,2888974450
2452349455,2298567551,2342454289,2807509541
2369890494,2160002683,2097523569,3060992700
2170620896,2101216387,2249005812,3038877246
2412053342,2147083507,2264029372,3042847076
2210311186,2397613945,2291903720,2860737192
2168707341,1837716218,1910781161,2751350101
2311099639,2089542284,2079878354,2839309895
2463003381,2378660026,2278566113,3454915174
3002046969,3060987506,2917638797,3755163029
3168861949,2487687019,2311542376,3164245516
2423378685,2322548960,2274900304,3077391952
2378325205,2229751129,2243530443,2969787040
2283174604,2194656396,2324276691,2685847051
2444132641,2250983124,2174830472,2846668161
2425668634,2124565704,2211652206,2682386533
2413291934,2102200354,2251635391,2767181413
2207840092,2174107446,2160102290,2952564817
2369914875,2146199548,2078529027,2804150136
2386533714,2155217480,2060014923,2793521911
2295920761,2125435907,2129212242,2764163136
2215851751,2211815397,2177412082,2811786767
2211866628,1817046911,1693016490,2501420693
2443540125,2028002222,2113500667,2815285694
2594213675,2361971302,2195455466,3174653682
3076592880,3027674918,2896654323,3489961476
3308004335,2661706417,2365642859,3209783715
2580887440,2408999394,2291115493,3170503563
2397306304,2231982857,2194024765,3105987123
2308416446,2224434813,2337219397,2707602806
2334041586,2246565373,2136854445,3061238611
2322283609,2075901008,2260025559,2910832226
2282221790,2059012246,2191983973,2913778338
2179567851,2218942542,2174920295,2973625335
2235661275,2087008901,2152244647,2925606628
2257720471,2149396402,2152586768,3031963890
2261404491,2281842286,2055912629,3006022776
2114243397,2130631736,2222013283,2972051373
2150076414,1735213166,1727899668,2434616913
2513265583,2049436771,2096643119,2506397239
2753884603,2285128530,2377882987,2800098113
3491697651,3062287469,2914161474,3490910144
3405516015,2701173862,2226643693,3115605256
2633870553,2330754379,2312147963,2946103029
2529130994,2253353304,2213554293,2918469863
2435472991,2255834166,2290908044,2642564786
2588161491,2270287263,2218388143,2995816818
2343252473,2131583313,2232150341,2781034484
2354393096,2011441309,2168324014,2689125986
2165623334,2154791120,2087342380,2879512451
2334243507,2028447501,2105338015,2726408615
2558796645,2118900843,2148838674,2982716772
2295073276,2187235632,2090164725,2862723055
2220098545,2248958125,2184153133,2926624947
2662745220,2155167168,2109371947,2558311143
2280159743,2197605610,2108578139,2248787942
2234830339,2272752940,2122180835,2561941228
2422266804,2254107423,2255750738,2271291596
2330092950,2185535553,2261567330,2099505558
2219813405,2258683729,2209730507,2492576892
2220335165,2260584454,2233888882,2372834515
2463926858,2153104036,2150734577,2272997301
2412470466,2235355642,2135430289,2259176511
2562643712,2176451110,2166805376,2274862506
2523549533,2311802227,2358670399,2418811094
2389326016,2202908161,2167468643,2272835918
2396954984,2161812027,2122494710,2327385403
2407348993,2268585308,2127679177,2019434458
1952835431,1905064906,1932850025,1868749150
4263939692,3348522568,3246910431,3444668943
4623574784,3366581889,3295427075,3122294880
3706588331,2401414051,2138010041,2073640646
2516361085,2172481141,2231693977,2176758362
2595740006,2229059133,2190167463,2183824050
2485609307,2305136156,2207153902,2136439387
2642142126,2257137659,2211231555,2120630659
2473565115,2227470766,2215463494,2147606823
2725435959,2255353732,2128512809,2178470487
2450966621,2085225044,2197312326,2203054056
2706012842,2336770968,2224341877,2079741851
2427646733,2279789090,2224442511,2140927402
2586702734,2438147589,2422341472,2300735016
2595769528,2365364044,2257625409,2122562483
2378814932,2377434681,2214199949,2175192592
2341337701,2336123178,2227678576,2183153107
2262972785,2164962760,2163364717,2841237481
3560640926,3428943266,3204591700,4420312906
3737001092,3324259184,3219744075,4704454375
3650307822,3184408742,3355839227,3797470442
1829956316,1687434459,1780986794,4203197411
4076912527,3249103528,3261669925,4506997789
3983644449,3272191787,3249902410,4481167697
3980604490,3365271921,3473566438,4656072135
3751013068,3395192587,3542587735,4652319716
3616814614,3536292158,3465320090,4452331996
3787783166,3275148692,3338141062,4657058142
3706909026,3446467568,3147849408,4321194868
4059809758,3421467498,3443356473,4646837622
4005232054,3258377085,3402851311,4436676588
3987903846,3473362836,3438834840,4521951625
3407783797,3231000409,3360272241,4441104329
3862861567,3331469212,3331148088,3707047937
2493833116,2129381379,2075425476,2619439314
2326063892,2172299021,2245243930,2565932167
2226775390,2195249345,2138847147,2570879921
2401028782,2258053171,2182137691,2509086170
2310698095,2313429306,2160219623,2379981723
2355273904,2234442459,2193639931,2557957517
2189150350,2136182573,2132466615,2335703477
2174475143,2137533465,2143755550,2627271931
2302197555,2367187477,2146797021,2307267302
2357292340,2166314086,2220358735,2474826451
2440226092,2476273017,2362356947,2753452083
2436393998,2351993163,2096295751,2519100898
2405129493,2320110053,2187773716,2639197073
2294287815,2291476503,2160306803,2109187417
2653182335,2184371908,2121513404,2648319022
2527054418,2270456016,2236142363,2628953873
2546822134,2167755923,2161786796,2625240932
2618088938,2013164217,2158763506,2546604566
2595249531,2275135863,2224699270,2588986067
2527764004,2214355770,2240431869,2712083443
2508814770,2273398377,2111179578,2671464563
2500049923,2193702146,2090209917,2599641516
2388809285,2182428312,2077889710,2716615726
2533336498,2042929687,2181992907,2742714327
2508352661,2269672028,2186679459,2605413813
2434256952,2087923012,1991813040,2623929711
2450206339,2008222844,2147221922,2707781700
2827225016,2397792630,2266543644,2796254948
2505142777,2168393536,2279329960,2447749417
2166302782,1739823617,1915553713,2596223532
2296958926,2015946188,2091745286,2501708385
2664221084,2340654812,2282916660,2924334974
3436382522,3123844657,2730645261,3413411885
3437482519,2526393845,2311838601,2983142697
2572622239,2346817585,2254557096,2857574604
2527250087,2209205324,2142491011,2786900654
2657319000,2292459525,2278672788,2543379840
2588825860,2221844192,2193908779,2735684091
2529607282,2136233116,2189332641,2670817416
2453390362,1939734034,2181388160,2528688479
2477044274,2249996878,2071623618,2725177338
2543070652,2093749480,2105412629,2564329887
2716369032,2093221463,2119648324,2717226246
2582451693,2163204013,2173269236,2539405410
2497429506,2208450294,2211372677,2683836320
2551107896,2092457089,2034855873,2370202950
2518280851,2014717867,2068069385,2334501555
2736470065,2145421771,2216659296,2468886285
2539565814,2130161011,2030679231,2527657601
2536909002,2123278729,2195616108,2301149936
2400772621,2066737486,2083186357,2307125959
2575004778,2037661428,2084586268,2436101051
2606824954,2114157812,2093541786,2231996398
2456304026,2023524994,2136209120,2471895914
2525909335,2045803806,2171773886,2397961784
2736377711,2013939899,2837707465,3111161391
2254352137,1921814900,2028826825,2455764290
2707521875,2310346515,2193636463,2557815451
2705694718,2195278519,2054088101,2406287827
2588555024,2129439703,2117417548,2427370648
2653782501,2094762185,2066761968,2487549027
2481346635,2027665395,1978961707,2475382390
2471855628,2018161257,2023961736,2327662939
2611103633,2155048033,2115423602,2516974473
2376273731,2059229162,2189057918,2402598558
2449118923,2001291716,1955276773,2450072638
2312743793,2129994782,2124709930,2367741124
2556667945,2206072270,2047432887,2180621304
2669376670,2096585777,2180693951,2402963025
2506145773,1977607423,2143952415,2466306136
2499802094,2168203823,2098354783,2502956540
3413677391,2400220475,2440561726,2489270513
2596003988,2069123578,2121833005,2590339950
2503387190,2121934700,2159789250,2631843145
2450691885,2148559033,2165757610,2543042391
2510352141,2060209226,2126676910,2379449936
2531691563,2185705931,2182035643,2377299289
2262648245,2001452466,1999043305,2414223023
2378082324,2180430240,2097989442,2436273287
2419574621,2153647934,2124200729,2332791028
2267022401,2129004470,2195845348,2590227327
2273570269,2068483174,2101918238,2441695458
2521164060,2291363604,2089013481,2342200441
2663650794,2078825812,2109596001,2560255151
2433450542,1943096321,2166107811,2482367912
2434115063,2137716310,2026769413,2593847088
3490096665,2280701116,2340314604,2524774434
2493050252,2071728747,2076065929,2435084745
2585926606,2088958756,2133165974,2533754154
2476268747,2055454638,2076086724,2360320884
2731212970,2050093512,2124843771,2291039151
2581079311,2166604074,2219384680,2366583391
2347601534,2194650310,2223673884,3004449092
2278823244,2167266374,2181063414,2839046061
2341391019,2158004086,2089375977,2803555091
2386850836,2079508014,2147263725,2802121484
2292317250,2325101031,2098428421,2783564793
2236653123,2161958654,2172350252,2841907162
2323791554,2288303078,2084006923,2792470639
2305747895,2183971933,2119936951,2894371569
2235177643,2184256208,2106846523,2760822837
2399953011,2023904831,2049651597,2655522762
2409077161,2260066113,2216077346,2573669471
2512262170,2091664063,2101474163,2860352869
2475481135,2137598424,2224328503,2619739272
2653035544,2343692756,2318558233,2746084302
2501581048,2315012918,2277461686,2520920821
2518561992,1975492056,2053643318,2541138630
2053203316,1615790620,1855269925,1873194221
2847234085,2154766457,1990459350,1996809802
3207342741,2277126337,2405208202,2197262361
3956349892,2939115098,3019632249,3096952630
3688182680,2749241322,2436654910,2626520580
3280548464,2118699458,2330096812,2339492781
3106487875,2165358710,2121635091,2293376641
3103951775,2147174489,2170372005,2496654692
2730601265,2123730857,2102564414,2192973349
3051533892,2067962802,2175270935,2137984482
3010621473,1987867566,2170739953,2076895285
3005806658,2075175063,2073013943,2145831473
3172410113,1995715031,2141828745,2139637706
3051033976,2047935299,2100596115,2195351653
3188153808,2014753818,2219097353,1988124590
3017403838,2030738809,2268447029,2237268602
2948548829,2154382710,2189466632,2296420659
2966704826,2177209325,2219940986,2170473647
2895822812,2110076617,2097831825,2098314689
2858540701,2283564795,2047157866,2146904661
2869427973,2291863347,2391401723,2122638917
2946169206,2146674546,2127066478,2274614901
3156725585,2067549055,2280974477,2181341043
2952180326,2087654388,2135391485,2026847622
3013738860,2220631816,2188477760,2193163981
2956341121,2344357189,2117391244,2187733960
2965306736,2347147305,2160343486,2185683575
2868433208,2219740729,2098791733,2126636860
3011891574,2171221478,2110971746,2255682799
3065745392,2482972941,2195839351,2196909084
3270778779,2088041780,2360731769,2266655902
2496101476,2208448296,2065524778,2533368839
2266813605,2134695006,2004936000,2439740340
2455782787,2240896532,2237072118,2661428813
2317518293,2130421601,2056586733,2820236446
2189286250,2121517500,2030008211,2659574660
2240783174,2056208745,2102798390,2555112317
2270445962,2121882689,2149683315,2604823361
2327739873,2099865321,2068933543,2453163820
2213919194,2037619378,2055561377,2588401799
2338385342,2056673908,2033744254,2721538772
2447676641,2134010860,3262422408,2792578844
2154804821,2034636043,2175100968,2711845328
2433583384,2190237164,2192856801,2837912572
2282903537,2243707034,1987809321,2629898125
2329146006,2136014254,2084217867,2748911980
2261299253,1947684377,2165546031,2869223547
1936297843,1993639709,1951535464,2696335807
2095344659,2106235120,2110863189,2859125011
2167501109,2133110214,2154574016,2686085242
2046777420,2071686411,2136477591,2673870692
1992025910,2090239809,2039699710,2652350483
2359370402,2207726149,2059493331,2599903156
2327078100,2175617050,2076811425,2780386271
2190643112,2071392332,2125093264,2771726009
2261480358,2162383389,2087811500,2809598489
3363384626,2498384013,2275562571,2645264169
2354754755,2035998082,2134995660,2892073912
2332856702,2239891865,2158459458,2774515677
2222382597,2100018738,2140066141,2803869884
2324131236,2120686614,2147967535,2804323585
2156610632,2192093832,2209967607,2730098867
2081844720,1778160226,1873849853,2568359165
2433979981,2063028838,2133204639,2755523254
2639655235,2412102311,2379302018,3296432254
2884532659,3086144447,2732234595,3343308824
3199683447,2668088650,2293503303,2972713437
2702865425,2396504936,2284193837,2718038222
2682052842,2235713067,2235340831,2852746655
2499199330,2212190936,2263409327,2606773147
2633183618,2226527509,2232376820,2638629095
2495134911,2108160885,2207750803,2421632582
2645107430,2069133223,2170656059,2481206963
2581030774,2221667385,2000744009,2564754734
2584339509,2087738373,2187461615,2469365020
2715668550,2048768639,2142303811,2617583044
2691151481,2135746882,2165267688,2460147620
2690154762,2145474931,2141040342,2585469453
2738040306,2260102915,2177779341,2679522818
2759391654,2217175697,2134395098,2565104915
2680116134,2139176251,2225522423,2378192496
2625839677,2026625148,2070864114,2497246213
2585247564,2215568096,2123479861,2385075144
2715796026,2170271813,2224326965,2518612028
2727722011,2201062436,2158832180,2535869875
2661257149,2217240092,2091983448,2558671712
2598265930,2174960963,2138220477,2538462489
2697001670,2206760404,2204567683,2663802960
2524300453,2258984907,2184531581,2477120665
2580599954,2088183747,2093609000,2909771216
2486063678,2156405819,2230982132,2928561354
2616174105,2273708809,2344416663,2882384039
2417178174,2348180540,2333620209,2748532112
2236690354,1931537255,2047857335,2588213328