50,55,60,65,70
2311511327,2463039915,2434839974,2571400843,2585107996
2339978754,2225381973,2378411416,2382594916,2380383858
2124537764,2156107576,2159310761,2335157251,2297843521
2280924134,2287224398,2353315336,2572881736,2481906051
2706648294,2640630919,2730775855,3119478866,3532417583
2982478019,2974195740,3354257076,3835699278,3569935742
3792940505,3232108214,3558674646,3821102180,3368437900
3371433317,3382905448,3582292451,3497549154,3076291381
2846080984,2662062553,2561852307,2699502232,2616655616
2458012022,2439037306,2399552263,2375796252,2272007616
2218082328,2165448884,2195279251,2481201379,2441284955
2296822298,2429802736,2550049527,2586832010,2591439061
2368775705,2420458742,2518125541,2810230342,2765704592
2470300875,2415550364,2540819506,2553496249,2361250388
1972512996,2021678668,1930434389,1785107472,1637389932
4458347711,4644233846,4545285837,5079826320,4669262485
4394803079,3440661064,3540040023,4433142504,3292487487
2963287551,2933726839,2875613142,3219297523,2926807948
2421421401,2451252441,2350205380,2749175502,2511073589
2320973202,2366960499,2193372102,2535638997,2405586706
2057919312,2134807453,2270678738,2655386359,2548149262
2285752525,2303434957,2539570109,2534627171,3102467774
2596138643,2540404552,2652887366,2697220640,3280286255
2839104839,3022808624,2840547013,3234635898,3027163343
2868558190,2578263008,2587278425,2650419841,2819145187
2691673396,2638929188,2581765669,2801786657,2959530568
2517617183,2468686460,2403017200,2592599822,3285714735
2646563445,2725291442,2789370737,3135109072,2815418556
2762182368,2851247700,2991960145,2688336425,2821605683
2798489716,2706341430,2842217767,3145148977,2845649707
2634891875,2595362572,2701060125,2885873932,2610982255
4168567981,4199636491,4632954118,4866506276,5147856637
4915432558,4368796782,4571646366,4351519420,4950278630
4453660512,4129977768,3363561332,3327280225,4312391033
3276142124,3085960894,2917174370,2895621352,3349327593
2975034153,2558744197,2559828141,2356269166,2587861568
2710031581,2422007528,2452418162,2319562419,2681621338
2432409194,2108453533,2131211109,2334704976,2708811213
2639930172,2257888592,2378661563,2627797484,2720859231
3300312275,2741218666,2736003272,2744082399,2751086475
3224793683,2864089558,3048885148,3003516686,3307298206
3090480837,2686425874,2545108654,2589598886,2781049393
2818338038,2700916456,2692155294,2790956096,2850629244
2972927580,2579042832,2559703146,2531218257,2658810421
3074638079,2654554742,2601540291,2669190946,3027345565
2807461757,2872237825,2885726392,2876147051,2802115888
2846590153,2709265692,2465585864,2571648656,2881460555
2935961930,2753599535,2526306484,2446884710,2935110396
2561727035,2359931091,2306220140,2407586006,2628122256
2453697228,2329861239,2323724157,2194558198,2322471573
2358994869,2202221536,2180631725,2132100942,2270547255
2257776012,2283526836,2315727917,2283647273,2459855959
2315857675,2529492331,2800158332,2534754856,2962371275
3244758991,3271142867,2979825736,3094701316,3615703112
3726418907,3734340561,3624937170,3516473166,3716198076
3680733776,3492268916,3315094887,3440550577,3340081571
3311896814,3084095163,2775979883,2675187208,2646048309
2604547416,2522885961,2455252523,2420094178,2392967163
2233694506,2245489454,2101104196,2143126661,2263098550
2613193390,2420680433,2369302428,2497810773,2491307400
2722457509,2469427190,2387994448,2284299039,2554308327
2981573845,2450785505,2456219706,2639592091,2449186550
2851555011,2731661684,2577693457,2579137132,2719987314
2661097114,2509552104,2330747620,2459495205,2491239714
2481832668,2620068741,2296716312,2204977993,2494401306
2384397634,2177551417,2208009953,2081482745,2257877961
2384660439,2353100238,2349211621,2308304248,2488153146
2339459406,2683825303,2713473618,2505955199,3047662076
3324541405,3230572294,3048018336,3105856296,3553487115
3611931174,3904276469,3605990440,3450017509,3846063499
3675952381,3407451919,3654594801,3422991219,3474552435
3331020198,2971070119,2746112166,2545264068,2619811456
2527848108,2328611137,2398883072,2344688258,2412902711
2253560891,2176499260,2130731925,2142819603,2079818096
2568640463,2391526985,2362105870,2565560415,2551190733
2577158601,2530862571,2406380615,2363530743,2521232552
2864263220,2519643595,2472753483,2492563898,2543875027
4398195070,4269866060,4467209442,4659245573,4908936195
4753625742,4478213657,4427183842,3956956352,5103022172
4839485822,4283554289,3915107068,3304416402,3948094668
3613431910,3131776641,2908600396,2873098271,2663611049
2875107558,2760571572,2430429810,2525162838,2674759413
2660082438,2515557966,2519405100,2355688726,2674366980
2483089021,2068418602,2227239909,2249862426,2657906055
2682785248,2314843035,2402643112,2527726048,2687000027
2964714573,2837277384,2755751179,2807389631,2820650761
3213695017,2794308275,2888241493,2818422075,3138566515
2844388609,2801300642,2636633046,2481781710,2548288395
2753290489,2852731960,2687807257,2535695114,2942283520
2818144873,2735709589,2637863202,2558762649,2613186583
3041195072,2800304636,2578987219,2631298895,2906980699
2897049590,2821967454,2742073394,2756940728,2862862594
2945809704,2857949447,2750770921,2793536812,2745830366
2382804024,1989732732,1933184508,2038023996,1953236288
1689706949,1732816515,1753995978,1735197016,1660494465
1865101359,1693248065,1788440308,1653955843,1879519203
1839641721,1774292643,1755066501,1713696320,1843036898
1773272386,1612779794,1606280014,1647182279,1749598448
1675446267,1585600962,1511050912,1570325563,1666049825
1545278837,1554040541,1566522148,1561790280,1674908790
1494979782,1529158316,1480370768,1482019721,1555889199
1380542330,1353002149,1414050403,1392520972,1444690094
1486066558,1363793267,1392545868,1298781360,1409205886
1397128281,1314986262,1347016453,1286217463,1452843838
1493069415,1413026444,1395227630,1417124236,1523509429
1563748098,1387265319,1427287589,1421270106,1619654524
1639653347,1546910577,1518421252,1512635819,1614492259
1613460636,1527263231,1542850980,1518008682,1581155553
1359928311,1299457719,1254933081,1181302507,1157091759
3288649652,2746532982,2525590472,2595752870,2708165338
2859772911,2450464777,2270049166,2450355627,2473339722
2729921667,2565681891,2251062293,2198784091,2335719300
2379606300,2197402879,2179399932,2098403002,2130437132
2311906187,2271033401,2258820069,2285518243,2355088120
2457734664,2679114873,2738212727,2581835875,2719534261
3241605916,3492809321,2928271796,2912964534,3346639010
3728867256,3751160159,3747785390,3293157821,3506182526
3873971058,3370599266,3342377642,3403635221,3404020807
3368983022,3175738180,2805099697,2650471870,2475052573
2455563203,2593940038,2333909124,2275615550,2319758152
2424325901,2218690348,2171763021,2176058203,2214842997
2501006777,2662853970,2277825445,2456765174,2558257547
2406865179,2840908141,2356680374,2426914855,2539281641
2771476093,2739798403,2508671470,2435226595,2532254537
2755104710,2205905018,2075818736,2049705090,2061193514
4050950208,4559746986,4713082199,5051527766,5066578887
4490170990,4665667434,4093420142,5279294274,4419759696
4383597627,3939702850,3387077690,3791973801,3689717825
3230864293,2959105715,2911698410,3400442946,2797185962
2567106408,2365115773,2327429984,2610589892,2652131605
2335251092,2378711827,2305532147,2612763855,2326291681
2054542720,2239238221,2253195127,2669842597,2609916574
2356584247,2421518694,2581024024,2724199024,2945281190
2899983370,2768963445,2824671073,2739357619,3127544574
2841197667,2904964862,2727947466,3407100428,2781259653
2728895282,2619360572,2499083227,2766465450,2664479342
2641103698,2643720231,2501527821,3132404222,2787295332
2562151488,2562070318,2494368974,2577517930,2826447600
2857472633,2598446411,2731016967,2978596180,2859747325
2943293857,2929393300,2909644230,2941213996,2824305678
2916435325,2797039000,2791659326,2817785895,3358192066
2711173946,2607531249,2578033890,3004418515,3312243436
2890723053,2704325911,2637902135,2827829921,3175709340
2610278363,2586729082,2434850146,2626986117,2559273775
2474689980,2527906651,2587937844,2976715263,2969696323
2789123381,2652534076,2634014861,2887098365,2827182217
2832654127,2540162008,2545118697,2760472065,3083916555
2827050849,2851212088,2825088092,2885360573,3348650934
3149620719,2769634653,2799345835,2884651171,3323970611
3125208257,2871896004,2837530943,2807850131,3294780088
2899146464,2779864954,2681861698,2798682172,3324471735
2548163768,2369058594,2453710037,2501198389,2749516344
2547894374,2381079303,2437502472,2518058403,2886096212
2445236273,2467809594,2334948500,2420538897,2633115667
2607628525,2511046463,2432316403,2509884672,2689161598
2845675713,2838672173,2847634468,3844492962,4458021758
2216439287,1884138826,2134879831,1983998638,2701035553
2298919745,2387889043,2038868704,2140486491,2600749066
2770551911,2763847435,2912308780,3004909016,3798139222
3812178327,4173427041,4417711514,5229165585,6275154047
4720012138,4721072698,4410946050,3947656110,4479509900
4122704802,3572360745,3474193875,3502299816,3688020132
3708980606,3182745969,3011618128,2932100627,3318827535
3033269823,2732466792,2821000442,2716054908,3084598349
2911465579,2739224278,2891527330,2637590435,3001174627
2704668123,2605005043,2605393984,2590783532,2972852544
2817409284,2682705786,2695070923,2597083553,3085042188
2727214387,2532394446,2507718537,2588391766,2872149905
2521973667,2519713480,2573113562,2563093227,3214648094
2655230417,2383329487,2512835219,2430654146,3491654791
2673333705,2619687595,2594226408,2697704323,3020050406
2886241233,2793458427,2662533965,2583011276,3262310653
2899031034,2715238095,2567065366,2552737166,3001000619
2802790044,2726446298,2688599102,2794458783,3352673128
2646233311,2484856725,2592423283,2728918109,3229391071
2810370055,2886593192,2994859021,3128330874,3419635839
3011197470,2843232934,2941242470,3008201674,3549662712
2956426333,2741267012,2643871034,2630221756,2866893610
2536871058,2580910688,2644630869,2757482174,3149813912
2743897089,2616263860,2580399200,2716039533,3571908076
2708370385,2547890994,2660500308,2543021612,2759311679
2440807001,2354548257,2444948856,2422364256,2946725681
2590713424,2525743798,2574776288,2639595459,3202651061
2966554012,2814214236,2721642885,2782336169,3190470719
2902294595,2742783606,2835760590,2706944459,2930687113
2644598222,2463812353,2602935039,2612738804,3287208251
2472956708,2533497838,2500865504,2599950516,2986373886
2733400561,2559482297,2707727174,2737159975,2562806020
2379678445,2339445240,2454217573,2502647533,2541056039
2393799561,2224000267,2367595315,2345727969,2286873762
2158947646,2243111772,2184852708,2445883820,2427638144
2205453766,2265805766,2397884869,2544156894,2462539982
2710965508,2605655222,2620200868,2927735803,3478011698
3131798464,2988164204,3322743954,3779156594,3534693388
3933859552,3510000411,3595534971,3781821252,3378195360
3478667130,3390777024,3389955826,3136191944,3165474855
2793996259,2657594484,2544386813,2676861256,2637340395
2389166204,2392342172,2377777016,2563879017,2365839152
2280986323,2180747408,2189150884,2509646105,2462877576
2383379473,2392954114,2524556509,2585972805,2618167082
2559716124,2450165056,2514964692,2812383425,2795584455
2368607244,2388742701,2504242564,2607531207,2337754448
2723751297,2945309029,2737267145,2563744206,2668335826
2973064117,3069186490,2640994163,2570406341,2571879180
2802056144,2744351571,2375921585,2378324676,2266989760
2542033733,2393151041,2540266758,2300338868,2181551022
2351927398,2314456287,2207305473,2194072001,2199357962
2482188834,2232759899,2163245212,2335543067,2279165521
2603555668,2351482536,2642686656,2694276988,2514975897
2962677463,3495693184,3274421149,3051765429,3116185238
3855197873,3765484278,3925792456,3422798694,3460948856
3527037895,3679302255,3312900616,3254163782,3500172305
3348043216,3278246510,2855762296,2734117719,2647936022
2655920242,2540079102,2370601043,2381026341,2324040937
2344671790,2396098789,2253765712,2150378014,2141667116
2386909445,2552857008,2481478416,2391328440,2514034038
2529382611,2547370947,2518808009,2399567979,2331582738
2533299408,2840310755,2576160386,2439824248,2485561664
4113533768,4321263658,4325328156,4929447813,5053702348
4523917514,4307382118,4485833690,4639893990,4863427200
4379678711,4254533430,3427791933,3756990719,4252551420
3163906921,2970808048,3071247855,2921411353,3283573979
2880794834,2476067423,2517125778,2485154028,2742097038
2566383012,2377245054,2422997565,2406373070,2478050104
2233900212,2208995786,2166247307,2408781944,2881043789
2470219989,2423319059,2541165474,2708289496,3074965630
3001630497,2694553903,2734159732,2643633932,3036968607
3080224319,3036720442,2928701703,3317837035,2905655771
2947067652,2638933014,2487692529,2565557962,2916636020
3023597370,2730529590,2613172873,2933027733,2556313761
2624756699,2502928765,2479486794,2532434900,2783259331
2816386495,2490730310,2536219299,2620053244,3229783920
2906478832,2657456576,2741227914,2998426446,2710376378
2824025284,2685116469,2627707394,2707109347,3021698531
2919228884,2544678903,2584104426,2697210887,2768133143
2505652396,2300925375,2363190216,2433750948,2514044799
2553879053,2332084457,2257863187,2364990083,2326590789
2171055796,2121505552,2057963019,2138224460,2388907292
2351415932,2155449188,2241730055,2370050457,2526614791
2456917481,2707380335,2631835434,2658828841,3063563181
3523635645,3118335890,3034851672,3302801839,3785876865
3629655405,3743884366,3208448282,3568656575,3574510556
3440551968,3568697785,3399405076,3584658865,3273431149
3273056905,2890424233,2583985846,2576863573,2730279815
2678187794,2296461541,2404925251,2329373228,2539329734
2330125882,2245061768,2138456325,2260003483,2269558738
2489272817,2439787916,2377502230,2549236612,2500834606
2622736759,2519486070,2396341207,2476650564,2586833005
2814218151,2464273328,2482379440,2627892289,2689153918
2419543047,2042765536,1919634472,1923661302,1906211577
2554445089,2094845162,1940356732,2012108139,1926815723
1712874162,1757064631,1749695639,1647106293,1649910309
1875903208,1686540296,1706649398,1672073409,1769139611
1853263738,1662224403,1732985566,1654708958,1683743437
1943933457,1756650792,1625878000,1675061690,1704406268
1734099501,1587232233,1585810876,1586286738,1552004983
1688749071,1544256011,1558414384,1529952545,1556342866
1676954114,1524388522,1521682605,1492940405,1559235656
1506929787,1425924574,1368817492,1412508986,1445886777
1504348005,1384794364,1314774752,1334328891,1296622864
1498346468,1326364042,1344474324,1317786256,1354045185
1470370548,1431983997,1371717389,1398336997,1380755502
1591425347,1456645130,1503286133,1436057760,1461839810
1625922058,1536441414,1528628520,1505967903,1444410214
1593558166,1605527648,1536972673,1481459799,1439873160
3004630705,2755803620,2704745816,2822185948,2983531806
2790576277,2592859246,2508565514,2599644265,2725065237
2518862770,2288894675,2415839364,2419364168,2521862210
2606212868,2331950699,2276020483,2374770172,2301619725
2206767214,2071897279,2133396590,2116867383,2463790380
2371286241,2331288132,2316044802,2473010701,2595878128
2629653553,2802364202,2595451633,2579706728,3057113446
3548309941,2982376431,3010772479,3472071005,3573833156
3748692297,3760390407,3226675479,3465932192,3657638043
3412579373,3343967012,3340384032,3421784846,3506668547
3327177894,2883005057,2704370164,2752932443,2599910236
2561239246,2370162388,2303845461,2480170576,2393638422
2278414937,2162083220,2088537486,2189266896,2479262689
2444564077,2305108247,2419933524,2431074438,2475791030
2663764322,2403856368,2351815423,2605586335,2756275653
2469885466,2474917975,2374632426,2496418980,2760203100
3109050623,2764500465,2668782116,2688034985,3052433694
2761787743,2579026441,2592694219,2673641347,2669184857
2486606281,2207537771,2392487960,2395526197,2585622038
2651446557,2376995499,2336262260,2458674926,2568790391
2219846960,2208780282,2185538273,2139255159,2437537485
2281606013,2309066522,2317414369,2508412057,2408966225
2457992463,2814470117,2545295035,2513512424,3032972341
3529019517,2996863015,3024385168,3297633247,3547095813
3828342110,3780639176,3240058355,3738255965,3607133788
3498360166,3260277854,3574878252,3493849767,3471758026
3291242490,2793350801,2731604852,2634371892,2593462146
2549686577,2316549466,2300401618,2384048249,2396091435
2295062747,2201128130,2175626686,2186852208,2488244943
2462090984,2342115671,2378677446,2542615454,2461866799
2645991413,2322439274,2447027297,2588204735,2656479164
2768623686,2728466005,2790919041,3135660351,2884779912
2802330624,2613736983,2703632756,2766982235,2471817871
2393660172,2352369056,2633667620,2538931825,2413037030
2461424055,2242877029,2397206716,2291150593,2309536932
2092569538,2193314901,2131414996,2466772268,2188753010
2154660100,2340714932,2262376055,2547400271,2335902199
2677907979,2676285054,2489392687,2992291113,3210160990
3309793186,3037456051,3094407854,3923534354,3537118092
3694004368,3505710943,3406240412,3805871934,3528745978
3400928954,3406420579,3392269328,3359610534,3411663812
3086071662,2770333475,2675696241,2592079985,2589629383
2500339191,2427921787,2364856725,2341542706,2393018641
2255663594,2124612827,2175837962,2374600468,2466320830
2448431918,2338306068,2462407673,2562160658,2520651448
2567405534,2366851729,2305518475,2774810328,2825832242
2406185081,2442271105,2521641350,2557484080,2625875789
2792792958,2759883224,2640009578,2620747865,3081129689
2807650714,2719917561,2775540025,2655718561,3050757852
2624794657,2660588983,2605440471,2674768307,3422624082
2848475754,2915333556,2999629845,3150334623,3413176257
2990191171,2827895277,2940039464,2910051932,3281874830
2971560966,2776144716,2644392466,2665434301,2917530834
2497503579,2643586651,2630952985,2814983372,3118983014
2719500710,2530248979,2492518713,2600970819,3293069223
2837343147,2639797940,2780590836,2690147414,3021243725
2419146499,2357923351,2430934691,2512738890,3015753770
2613438051,2518911716,2547655810,2644381168,3343272012
2920318832,2724914108,2547655783,2632885317,3286993953
2768822249,2688303922,2731145193,2655411555,2866104615
2630871469,2467775564,2597698793,2615638601,3313963269
2401369974,2432409911,2371258718,2546349223,2996947194
2254533915,1871324171,2164515626,2112747391,2627760662
2412792425,2271606892,2103467806,2106863462,2680744123
2706769022,2765466663,2816456755,3039726027,3605461218
3712074243,4298011760,4681866566,5135486931,7005052982
4599410901,4784245702,4491174392,4188871193,4951824475
3602046849,3627949354,3501315061,3303350683,4020677051
3275656102,3048208964,2914192081,2912032634,3416813976
2897448077,2669913882,2620586763,2687726132,3073548257
2818503702,2785803846,2866749088,2709360520,3276680350
2528986239,2612361775,2623229818,2654471858,3579293613
2697557670,2643434595,2573661499,2540464738,3034938661
2491553156,2562004721,2584400968,2467420522,2983929140
2428491394,2478433324,2506249252,2518362812,3177022224
2498501311,2383365417,2489254495,2452146186,3448271747
2682510963,2626957279,2673237726,2779608832,3233583673
2842655132,2669588236,2526829049,2501136342,3121085561
4346641860,4681072968,4709463706,5242997763,4641605688
4267371921,4316597079,4133571850,5166352005,4477786569
4333030074,3587521602,3426599482,4337367992,3396104616
3080504524,2968173538,2910379284,3362745048,2720386402
2606342029,2563655157,2413813037,2602826927,2644498832
2496017415,2558740282,2382577072,2766896691,2467641084
2037664925,2146071000,2253317203,2727962065,2654089263
2358613824,2439278853,2655669812,2628386871,3141147921
2586633441,2609759985,2652682634,2662064126,3073162060
2982741649,3097011389,2935303558,3472321260,3037765970
2658205419,2584225378,2510576014,2686953208,2820104499
2646841849,2712410862,2610361053,3019088337,3047063631
2496832482,2538394563,2442218598,2685441620,3075466111
2678229613,2549369341,2639944317,3066548843,2851183680
2941928418,2816033496,2813687082,2956458215,2953168678
2684882836,2657908721,2856246020,2938871039,2779907039
2736107075,2772232312,2782178410,2637048058,3195611063
2831301952,2621623611,2654755552,2824035116,3264474659
2779985829,2740558034,2651741562,2844432808,3220527312
2821344332,2669910535,2621134364,2711538564,2635512187
2571478606,2567809608,2665464315,2957442060,3201938866
2806332469,2672614881,2658413388,2895496073,3067099757
2826918435,2626699106,2664013545,2997707964,3180097951
3067946118,2982568336,2877707631,3118759681,3305001790
3038102030,2800687578,2795509824,3145391113,3193942427
2971320976,2855236874,2731074189,3170752663,2913339935
2719959070,2690826931,2700259726,2969843814,3045350836
2435182477,2498700160,2562152620,2556328019,2642529854
2424094578,2384954897,2341452866,2566304774,2816914910
2452836055,2329424093,2265415881,2630483422,2597367040
2406368283,2437235083,2325454850,2406410308,2657970432
2945964447,2847850457,3041616066,4118713437,4296860724
2498861750,2465055577,2045860925,1986007533,1907579952
2004748325,1737090087,1761029447,1761554249,1733381249
1678619349,1829844830,1666900742,1771928340,1649441870
1964824094,1844806975,1667154405,1761946987,1711694039
1895730957,1831468003,1620302653,1590325822,1628342634
1831430612,1727354665,1564156084,1518974398,1582598603
1666708673,1658528146,1509991623,1554391893,1495279606
1693351064,1686348081,1530769147,1500170493,1491143337
1461415935,1508838000,1444861663,1418965139,1408019379
1397630819,1340137630,1392083130,1391223613,1288070033
1401933438,1285884133,1358544940,1341926582,1282200649
1411626060,1452017373,1399020864,1393816139,1420416094
1508173424,1545045687,1503909436,1426990147,1419272054
1593421289,1595564859,1539713029,1504825184,1504319093
1611918613,1537634926,1450511146,1538365132,1516862149
2509036199,2429495029,2383944010,2569754026,2577654358
2180429940,2000183973,1934596059,1995031157,1819367149
1682122160,1653696214,1754828947,1727417097,1647013008
1672758369,1686944188,1767581736,1760866609,1865110338
1664048924,1776862550,1753709194,1730885222,1840216818
1765634768,1596003964,1585356748,1740502238,1713128803
1577879822,1573071218,1500865842,1598159510,1645122680
1518289948,1539383855,1561508473,1505670466,1673004067
1542718291,1552917822,1498084043,1498379275,1432242972
1452732626,1445211799,1422917601,1404677723,1371455412
1436750171,1404354688,1400153845,1308523847,1392200530
1359814541,1385222686,1365867995,1311307758,1404330035
1450466568,1383886400,1396761778,1441081179,1483712176
1479966939,1525351207,1456300080,1531125921,1588999763
1546595953,1540369429,1488005407,1491891972,1583471580
1590514884,1530935108,1531031977,1510518514,1601730238
2960258370,2694588077,2578593131,2562811823,2686157686
2593575159,2470677251,2322161115,2456438067,2490995562
2520570538,2565305973,2261353664,2166677060,2274050966
2444680252,2246347651,2216047067,2118413950,2385928648
2389000793,2285577115,2254837416,2254124924,2501915598
2598453742,2494928791,2811590883,2527778974,2842570292
3203536562,3396930797,3080087338,3107373538,3643999008
3805594355,3684002753,3636025608,3462961070,3691604928
3586700044,3474865261,3394062514,3430421064,3424453639
3469948161,2955928269,2715466927,2639978323,2593770492
2658948999,2504088561,2399276600,2364191082,2437537053
2447147032,2221049444,2078957031,2111278645,2124023511
2674687794,2388426132,2239929694,2471441071,2462254833
2626617073,2573220969,2336061255,2259798356,2551734653
3013242421,2541296553,2472246731,2502109663,2485150397
2652804832,2108151512,2073141315,1983518982,1971564948
1759172415,1770361840,1672529022,1660292917,1734218637
1854431383,1676572274,1713651671,1753602724,1756831698
1840902668,1665146639,1780368882,1705096509,1687332699
1892200432,1723221624,1604128957,1599517089,1683252426
1878792544,1580793045,1573682186,1507974101,1540336615
1830119922,1513629417,1540877628,1551497050,1537603053
1687953105,1520389897,1507399412,1447126396,1565868146
1536432461,1452332834,1436592261,1352136616,1471733492
1567814927,1401810319,1384118097,1312016908,1310037922
1467379779,1340450908,1352533845,1294944834,1356413030
1482352869,1439433684,1397368407,1413305680,1404324479
1575810045,1437866073,1423697477,1414211412,1445209250
1754174780,1551294713,1507565608,1502673136,1459450365
1647472450,1597312561,1531148227,1525997558,1429081823
1414534874,1338257311,1243835443,1201863387,1184018079
3536644648,2827280299,2608425503,2574317703,2698793199
3176662460,2680103598,2553506983,2635687887,2698436960
3165868908,2741745320,2706905411,2783991128,3027111803
2997912663,2843372560,2917007086,3032399149,3213986156
3456203745,2936538045,2890937109,2985902812,2920169146
3182814440,2743658783,2603572321,2674298705,2550397446
3040974569,2543892792,2648519904,2620505362,2889910874
3033573790,2591794626,2575196161,2616129333,2753060772
3240967858,2498893070,2651742558,2701739111,2550336877
2628108239,2345412541,2381315736,2346816470,2457582492
2999344991,2457485310,2457590772,2536579176,2746348724
3081706356,2683332163,2655427914,2603816110,2633028114
3238208238,2801766219,2623351364,2866424706,2736981502
2875381041,2576269732,2400865484,2514259791,2850283600
3233124508,2503254359,2544989487,2547933273,2853907298
2264293988,2017621433,2081040157,2082282574,2332346037
2386795967,2308630007,2088217433,1999668074,2283962787
2761947612,2615669803,2751351667,2833585602,3231181979
4045723472,3909177592,4220493726,4974383459,5264068655
5840426754,4635418147,4612888503,4250506661,4055187458
4719822295,3579882542,3570296663,3460798487,3294052987
4131293725,3208322069,3103203315,2932023223,2934811559
3613505055,2797023563,2857778036,2676608882,2682831454
3177682632,2663121363,2665965643,2683941611,2430552499
3326122298,2673152585,2590396535,2719607695,2699416497
3320601909,2507684449,2506981637,2493562086,2485106700
3105856861,2503271862,2508339072,2466596983,2473622426
3064556144,2456111361,2489016403,2590731841,2584300981
3536069713,2388711742,2374142241,2483585426,2553124437
3445470388,2705364107,2760075923,2618597611,2735194154
3455767194,2811282316,2744917137,2697060851,2736444288
4385019932,4176088486,4564492287,4661441906,4950968323
5139443386,4431670537,4302647194,4384891482,4831752872
4901076799,4452972345,3967331405,3262616946,3769133370
3953721863,3095229487,2874131603,2857404607,2872436605
2852149915,2927359524,2425659839,2476775130,2678256691
2584185734,2561886255,2472491094,2451442107,2447281159
2405916276,2206843131,2187048557,2131624418,2323977116
2629696868,2466664566,2395191216,2497923001,2726693313
3073636382,3025716480,2676076955,2686866340,2691327634
3184286690,2981889517,3025758953,2872190496,3174191529
2795344774,2914154857,2575064433,2400510231,2486862304
2699089390,2858822774,2565449817,2549581818,2980431361
2852984996,2509256145,2574878051,2540396656,2630631599
3128277769,2853357535,2611489756,2733679118,3152899267
2899680255,2825327922,2823412763,2850453123,2842861505
2823634887,2762654949,2725040453,2773439150,2787012598
2873911009,2877544506,2724494562,2779132485,2827290491
3491308871,2756655103,2555683705,2567703239,2910228543
3257177754,2693654875,2680757442,2598679353,2731838963
3113832859,2609282802,2529016717,2420776888,2595121212
2860708420,2527391836,2477857224,2490140335,2623129164
3034477748,2852037916,2531468691,2694093088,2631819516
3189469503,2977081911,2754697310,2831016921,3043160367
3213429338,2894572733,2881181215,2808925132,2944091363
3316560458,3082813097,2749287213,2786344213,2908166477
3147294898,3052072079,2719318695,2766683286,2924405041
3032563384,2905278174,2625785380,2694269387,2779869700
3121536138,2454856140,2392408006,2580556120,2494213743
2686614468,2543605523,2311047616,2302480169,2421572952
2735193930,2491997294,2454873538,2315690517,2416878447
2623830191,2576141577,2501179099,2445240989,2454676816
2700060099,2786506333,2968591333,2784740503,3686916063
3096790274,2646867050,2621687662,2739023659,3251511858
2952120861,2638670942,2573392318,2636974379,3283802035
2879511806,2709769843,2571229569,2626676215,2868892523
2678763895,2476714412,2506511838,2646647942,3174564937
2878914084,2509082183,2611206507,2612109489,3133248404
2904950648,2642856318,2637829127,2654004789,3009494269
3093255323,2914655581,2861781003,2827038440,3143507160
3239634355,2912468172,2898723490,2792675994,3197167521
2985939845,2767697352,2795118213,2732219358,3105858173
2757140369,2724731079,2559704912,2534293695,3130959993
2784500615,2427866982,2462379994,2523058912,2662452813
2558077200,2373954356,2409557934,2401595707,2805324952
2451505799,2363716149,2319219834,2287495416,2634215887
2605237784,2446320897,2436135986,2402937751,2466239550
2861023180,2932158963,2927718726,3084494156,4161459044
2854815478,2748761444,2548410608,2601892619,3242506384
2936288298,2657272116,2719194268,2742002323,3264173746
2659537871,2728712407,2724657997,2880199439,3295010415
2863678477,2982917882,2973076661,3131006892,3522388789
2928717285,2841244221,2844491019,2841854270,3379598776
2753657430,2678184025,2503281545,2554326347,3035421620
2574409884,2578485583,2562622154,2832065808,3192869076
2798394010,2580076243,2600038670,2658755454,3476686994
2592958368,2601522005,2641474635,2611121192,2951854179
2340870688,2330380172,2329715938,2395252829,2866867813
2576859784,2484748562,2522748944,2535684100,3152624276
2720160269,2664322843,2572738969,2663077172,3196288706
2999710774,2674690159,2704311649,2626476734,2881429409
2855070816,2521191744,2638180539,2626159835,3239104352
2575906076,2485495142,2522037809,2578742745,2970188270
2823571224,2737212119,2722904914,2688696493,3004077323
3476711727,2645206177,2535879874,2524193915,2605235612
3154063004,2663108145,2584793265,2703804434,2893121082
3163280088,2663060463,2573733669,2604198473,2678557531
3049088585,2800300867,2981179546,3061701651,3107377770
3423818415,2922193535,2830139147,2932612534,2831287916
3377741012,2807779941,2703450045,2598869175,2622592811
3095992900,2517508448,2628344198,2587061776,2805820712
3276334620,2609969461,2651282588,2660293834,2863705173
3260235149,2496164047,2615098104,2575558226,2895134635
2594723661,2335975433,2348836070,2379707311,2546080851
2872610779,2493001199,2621574783,2626077628,2932207825
3133005968,2846231857,2703259865,2746997491,2913216305
3014488099,2640710933,2751108063,2792664712,2900406609
2899304392,2550267195,2501195789,2582219574,2903235249
2915947004,2463657789,2540164425,2540294134,2912575601
3012697590,2670464284,2748084215,2685431799,2752074112
3213199870,2599393389,2560759542,2540311851,2972368118
2998105377,2614540131,2612472289,2577177699,2868579598
2811815972,2433935984,2606449482,2541500286,2692452431
2686758064,2565093979,2546876648,2598142750,3045248953
3106869412,2804891201,2724561071,2777267835,2948516548
2983163036,2863709333,2659756778,2706896607,3265333715
3291898852,3003726093,2876761050,2945832813,3232663134
3378161310,2899634647,2761898687,2736929608,3015110799
3303895939,2965699465,2840559593,2808384108,3232109878
2763192741,2793167024,2613855691,2622032246,2896223077
2863582693,2423641739,2423636032,2400709115,2541960882
2518119936,2394533754,2372113857,2400053852,2524615422
2565897087,2343497576,2366185647,2287352401,2430219407
2500634684,2596245476,2489119704,2431932797,2482189417
2852318874,2770986615,2730457199,2958131302,4053803367
3030500061,2681387322,2618529829,2757465730,2768968604
3205756299,2599292121,2587769744,2600957459,3082643827
3019001236,2548299250,2510243587,2611558965,2849603666
2813744545,2461761978,2475205209,2538737913,2741791555
2674806900,2519422224,2438224424,2524099412,2830349510
3058928374,2733151527,2659695257,2657179286,2824423239
3060378817,2860147156,2664642144,2684747528,3009327773
3338314577,2730430674,2837794123,2860878063,3093985438
3259342964,3052015542,2759617559,2751960999,3086528878
3082066007,3098901948,2857570300,2836235959,3144587859
2982881045,2964275340,2723633344,2716574050,3019896626
3164019886,2438226724,2446258230,2470889200,2536015784
2525035264,2522952498,2426493860,2439405213,2669174953
2630173465,2447620692,2402171765,2331267414,2628136396
2509528764,2429826843,2534879646,2389475536,2530893985
3108223806,2781683670,2645741237,2660222387,3323331133
2814227497,2807711468,2635063307,2664285883,3046211670
2800040241,2613591875,2686603520,2816089261,3088428017
2701872191,2627859850,2694764879,2762989907,3069250617
2675582675,2853141139,2928899583,3084041014,3151812718
2986204973,2892963901,2944238120,2994980130,3113872582
3163505616,2742612995,2598138879,2565439057,2869592183
2676004263,2533434131,2513061650,2604393839,3181873599
2834932164,2577502063,2612808292,2692061558,3430334091
3087531408,2619315769,2745712040,2605904613,2880270240
2387674087,2350967292,2343889313,2470977281,2776016454
2636957232,2531174296,2527719343,2589535945,3025974832
3009858172,2820649651,2677149031,2737683711,3069145947
3049547594,2742203067,2817251002,2706595777,2802252955
2777494724,2519287524,2530165536,2563390384,3146805461
2689852238,2480839159,2442971712,2509947895,2832572735
2625678633,2583604840,2579714141,2976692167,3335811755
2803513774,2585423597,2528662814,2876740885,3193322335
2737375313,2660250965,2683592648,2860233955,2740275615
2479221243,2525002950,2714882956,3234888916,2890229371
2545734053,2654690538,2631613493,3140521681,2864345022
2629887584,2584068776,2655143414,3011140506,3127442941
2920731179,2957339387,2857149980,3104245374,3200503469
2894121994,2706699604,2771750952,3097129334,3218477895
2817416819,2754888246,2712436369,3164345715,2890600686
2808410665,2610300176,2724622998,3009273333,3175362904
2456941138,2492626961,2539895732,2649544146,2732446665
2250984762,2354574480,2350728707,2849885207,2710042071
2427278447,2347644467,2346334401,2629094052,2550433473
2390430953,2501384348,2390506524,2451688179,2774125407
2849267052,2794172319,3028383526,4098478068,4286022077
4205397744,4698323960,4619236260,5237264438,4584806166
2740657571,2663218771,2630145208,2679105135,3173803714
2817525750,2745688589,2771079877,2917022604,3337235448
2542649390,2807314998,2764326173,2952596834,3026495754
2725562136,2963890048,3056622539,3261510939,3393213628
2902275495,2711500519,2793429036,2743660293,3386357873
2765893155,2631297830,2629563536,2483813335,3129870645
2523971935,2624920742,2544843280,2801239270,3061937475
2685420126,2610840103,2663539179,2821026212,3492377294
2474812478,2630167541,2627792636,2624336572,2899905886
2391130449,2297796030,2399367115,2663650218,2718100026
2483234072,2500932825,2586468722,2683109154,3087780121
2734641643,2658492730,2666170790,2817741978,3181324754
2717338045,2738308920,2832837914,2697820493,2992926811
2636848718,2543060604,2665790443,2920738305,3148798375
2564875778,2530306472,2563584999,2853242256,2804937671
2666705318,2713056262,2804425921,2730055142,3460283410
4503967668,4208833693,4574563522,4776426286,5493565209
5033755478,4155214718,4393341422,4067892308,5309771796
4319794945,4332432390,3560933422,3157114378,3921873223
3499428509,3076703475,2941355956,2904024023,3242996412
2765128688,2823223279,2423275361,2418650636,2374758478
2664987853,2703582050,2401793731,2338649736,2403541838
2529744307,2261770022,2210208145,2183339440,2389478701
2681638893,2531124924,2409614007,2532779774,2793921467
2908835552,2988274362,2744052200,2763104836,2653758625
3148936958,2770447877,2766293664,2889424421,2977944012
2980538689,3056738204,2658761226,2475785664,2578654419
2947712946,2799891713,2634958335,2539760538,2880663165
2801926544,2963044506,2660893651,2546051648,2578833649
3075028032,3029079470,2600603482,2642851389,2612497265
3050466204,2931659672,2794377958,2810007195,2872804999
2905286511,2590206199,2602521805,2663280126,2806209045
3202763668,2684623953,2602240658,2623451315,3033013362
3005128752,2553139470,2514877272,2554907624,3096745442
3088064176,2647031979,2580671256,2595294391,2771512014
2660106879,2471729557,2556302444,2580291427,3120478529
2857282734,2733501571,2657369595,2680343667,2879931509
2915925569,2826113995,2627195346,2791570635,2999549756
3195875307,2913531004,2988206057,2863810218,3178440259
3459465585,2982936984,2811434462,2818353145,3121224853
3260653107,2895588626,2779118262,2763493291,3126138813
3029479933,2851189609,2651863267,2693025980,2906152553
2907699998,2389325164,2544694906,2595618349,2445808544
2566278549,2271389084,2365808023,2375173121,2530737097
2576240904,2382895608,2372027207,2297797128,2584158315
2422884694,2487779464,2469357079,2436560345,2460030132
2654971323,2771726708,2686263755,2946559660,3964914991
2248060808,1804683843,2266278477,1903228771,2282695451
2423175284,2390121175,2122669974,2014964740,2270736643
2730557830,2685481079,2761303614,2943863440,3590020284
4153055956,4248136196,4287025077,5296644336,5757019158
5244195884,5003007997,4652915965,4213603857,4161300330
4136135331,3457790689,3432728394,3485587595,3666832146
3771249919,3155367118,2974303249,2834431742,3057634577
3392696738,2866961837,2781533300,2656754455,2863600668
3037824024,2666529263,2658653711,2652803771,2652577444
3269250420,2630744382,2605074311,2679322262,2823322689
3119033308,2563213665,2689602720,2623306140,2848409599
2979284163,2469624127,2525616910,2539726865,2685335725
2867320314,2496115454,2574448897,2522849408,2733563971
2940831453,2314130096,2442659399,2423895036,2950305308
2981096189,2715752281,2724911105,2746457032,3006730511
3081002049,2820795485,2738232786,2622863748,3084731855
3163010454,2766460221,2652715264,2598807493,2996151058
3008708678,2774701825,2688672085,2728519709,2848927092
2877490258,2613114854,2635429221,2671720972,2938428994
2816194853,2838430528,2877978093,3062448591,3070301886
3252479504,2831872172,2744570181,2833819134,2770733650
3261922008,2723897654,2622953014,2627259051,2826645097
2863559257,2433134026,2476004010,2543477017,3078857153
3029526507,2584825550,2618404345,2687406858,3204581596
3096379930,2552503179,2794182890,2598151393,2837739745
2626349311,2396969556,2286562290,2474774281,2746622792
2731922481,2353598887,2459552560,2517606042,2844390047
3046199413,2809061323,2705358860,2721456221,2916519830
3224270096,2725433822,2911010027,2810237775,2925009132
2951201957,2526193636,2505648140,2530558612,2910070468
2921137156,2515742372,2562633984,2587659985,2852243000
4086008441,4275735311,4457369682,4586940619,5248908543
4533139300,4374680007,4529747309,4703514071,4957558517
4348250007,3960850232,3269967553,3460926754,4095870977
3070504071,2870123796,2928139863,2888730091,3187135888
2789558055,2469015492,2478189865,2362915457,2691392353
2566475086,2331522201,2310015165,2244975064,2526352051
2372560638,2203943377,2057231700,2307078902,2728625753
2398877589,2368242328,2488222449,2711283474,2623681833
3197948760,2770390802,2765344455,2728796992,2754199181
3169970893,2935466335,3028346150,2988867221,3314738873
2993681329,2644020604,2482205973,2522248597,2742319733
2888483279,2711551725,2742817868,2843679391,2936587197
2912185374,2563536556,2612164325,2550040592,2531369873
3019321754,2695603948,2658603063,2827374230,3082158149
2848043103,2749958580,2945472474,2987632480,2783733288
2857852210,3016441782,2873117840,3083424345,4122729199
3998155905,4097404632,4615050391,4511894866,5154315928
4999679734,4243457170,4387034512,4288752823,4961768976
4618199370,4326630919,3469741870,3534012343,4351863426
3335409484,2986433395,2987848301,2937353959,3061106861
2678194606,2518913104,2475796614,2359650552,2708665664
2507671290,2345702089,2416386354,2352461055,2658005033
2319398711,2211075646,2074438252,2345112645,2710861411
2421826236,2376165897,2544231919,2721898706,2917264577
3165026509,2719129579,2732412006,2708456221,2995369080
3109606699,2901559428,2877271763,2938990180,3157922952
3109597059,2763150103,2527699281,2563549447,2974364373
2881049207,2615698398,2677522906,2804069891,2765784653
2878543964,2538437632,2522484996,2492724935,2826947453
3035476468,2652844236,2656560418,2725281048,3067667821
2954210606,2728097287,2892320063,3027067235,2763801022
2961667046,2789692451,2732517797,2750553915,3023842633
3277188624,2674721142,2638351940,2676093219,3292549175
3052968034,2704741641,2618586607,2629602976,3073723589
2890473790,2592321414,2502930369,2602056247,2822450934
2735409702,2479312745,2612499997,2695610192,3189269601
3054197283,2550109085,2701059091,2655101986,3075057635
3225821948,2699804808,2693473671,2733455738,3150544411
2714940507,3026522887,2881778054,2865049933,3295536495
3048997039,2790811644,2715373821,2705032573,3231319569
2990047235,2864209444,2709470014,2787182559,3417832024
2727340126,2808731579,2670675464,2712023481,3346272844
2617380919,2420732299,2536491684,2542704983,2725173146
2534574219,2414860719,2432345488,2543051794,2918719521
2478157837,2311288362,2284210249,2434236161,2644139723
2517623572,2391851879,2363699326,2342455393,2487795676
2740339271,2788707191,2907746650,3114842712,4379372586
4226811896,4182122939,4465762734,4643804736,4974061106
4598630191,4434404766,4523805742,4167475137,5014020003
4158107382,4053706217,3939087139,3262526286,3767383211
3943938092,3199038403,2847207342,2911645976,2881613722
2857246272,2755307650,2455428134,2493421837,2482741118
2595352697,2469313290,2389404208,2345196307,2374419971
2537970474,2301050578,2171833949,2075115465,2201251897
2925655159,2434097446,2404018353,2491493221,2796066156
2919664154,3037570628,2757671709,2760817154,2776636453
3086757877,2907711587,2904780395,2893574614,3006508024
3117547217,3032144447,2731880751,2486809474,2563868280
2941878540,2943916729,2742200598,2630729192,2862019092
2886408955,2904004581,2549279308,2576038689,2563120842
3038854361,2948202976,2604583104,2740920816,2663905802
2891450583,2888258709,2772647344,2835961095,2911700647
2886593089,2839042860,2698964744,2788473718,2753143964
3372067366,2799888610,2498935240,2519912535,2754929889
3371412168,2716686061,2540353260,2532180047,2783719869
3227971332,2822319256,2659768537,2606339699,2678156140
2759377226,2686334722,2580545150,2556870419,2692135433
3016608407,2903678412,2520700954,2562277061,2555916900
2909260549,3011500888,2649001469,2588629811,2792539072
3269739199,2934664156,3030926733,2866634991,3055199709
3307231380,3155201064,2822848213,2887230557,2895223059
3216875024,3105433678,2626310221,2651536807,2756036135
2978484623,2851240938,2563057660,2654856155,2742816722
3187008640,2483454453,2512524477,2565125623,2505090823
2733555863,2599704064,2426117118,2382721862,2647212776
2767739538,2424524223,2390953938,2287362222,2450513314
2658831138,2542729323,2487999232,2402969283,2453583208
2697627767,2811794944,2970174685,2880183257,3898526291
3410818443,2712213528,2602284383,2551226283,2685558536
3142724144,2744386449,2610844896,2674281128,2609886404
3357527447,2622454437,2690899329,2720496358,2837519156
2953051189,2820593263,3084545078,3091768686,3160806693
3425883481,2917911208,2821943681,3002699549,2787125592
3443383845,2715164361,2603833101,2600487485,2632132627
2991818119,2572423921,2666978941,2651128726,2826492919
3287001490,2542962536,2524255652,2507888568,2551901841
3516949297,2615807702,2600644970,2708814199,2668713943
2986758446,2414278977,2347137406,2403713625,2498710535
2983354847,2475458302,2463414044,2491479887,2769714740
3118511248,2723488830,2735779197,2688039121,2689083392
3253038948,2729024370,2754961625,2775674676,2684621670
2813377786,2542913134,2431102026,2589737920,2533374197
3411451669,2470869782,2532038300,2501274974,2560518458
2953101061,2732826063,2636552673,2724914972,2669391956
3107414290,2630391569,2660059209,2590675161,2851436809
3426884571,2766301480,2626367961,2641483808,2849714211
3161352051,2839207494,2727447020,2833642343,2976712292
2955084389,2642741643,2788849185,2763988209,2882006814
2812430507,2779719815,2780278119,2851736909,3098413376
3269268048,2917278877,2854241199,2892230068,2906630651
3237658245,2770703071,2671228935,2693714781,2610012319
2855658148,2528598888,2634983996,2539051525,2901735616
3016022552,2558413704,2585955874,2637316829,2762561765
3206978846,2504046072,2634789843,2677253372,2612170864
2692626621,2395096372,2364365738,2339533818,2646342016
2786692336,2390173259,2477411656,2400807193,2478423720
3121963581,2827232938,2726820254,2636182388,2674680611
3308857906,2827238944,2685666164,2894424146,2716337000
3084962593,2701476017,2479382845,2634371588,2786632063
3192521893,2479010672,2488925367,2445345436,2541231411
2707301627,2785931868,2884512843,2766566442,2647712882
3348541625,2746383080,2545151882,2526019498,2540944091
3319635827,2774417921,2637165058,2459685696,2551038351
3105691850,2793164654,2698318439,2567068058,2651165820
2821502059,2756186978,2496154837,2642944204,2640817630
3359013206,2886785305,2536326664,2595029915,2615988010
2908041207,2841385164,2544143073,2452488547,2588107429
3173131262,2850584962,3083746984,2814791889,2908669104
3326806931,2995684798,2682014807,2676713900,2700907167
3324501792,2985689467,2790852076,2833717467,2866932871
3337729089,2757809544,2639028983,2683715430,2723684700
3288199721,2545186192,2409595923,2552037336,2589382701
2609907555,2543610031,2311489098,2287547025,2264533295
2968313087,2568006909,2380531954,2381723911,2387363407
2543879981,2486047293,2498788950,2423374230,2466397342
3318395196,2769042735,2593171461,2643194032,2838360422
3173436312,2814120445,2680076687,2840929118,2978781548
2926715698,2671934143,2755473495,2768184447,3280800723
2718766124,2864547536,2919492114,3103545134,3131836226
2966210429,2804973266,2910859922,2977986468,3157577031
3110460236,2740860661,2655730825,2609539210,2771496218
2727666124,2641834612,2666245305,2752410651,2955192372
2880793590,2576271688,2592220667,2654514253,3330639882
2948302228,2422949376,2532973020,2469583203,2795720301
2609472370,2378873098,2315897538,2463284521,2816819524
2812266124,2594089012,2643476019,2611021239,3123386461
2956250291,2776501354,2579605716,2756085865,3051785995
3002403793,2777199889,2827809838,2815388138,2978252826
2692996119,2440411427,2447238422,2436816174,3260973295
2752592787,2552363815,2539446990,2634998879,3071063730
2260670704,1805225268,2080521934,1954060583,2247162658
2446784032,2400538998,2014717437,2060692474,2321515435
2901246373,2702551672,2814313646,2976053211,3480874403
4089234602,4229179856,4438478273,5247238534,5818471237
5074831285,4896320096,4552798606,4087069398,4245421681
4095386235,3619349784,3494272604,3542045066,3603655635
3904051139,3150551397,3075891888,2903830716,3190752563
3149756558,2668474099,2790480870,2752146345,2989807689
2959211784,2781327988,2846762952,2770692969,2892767613
2995758464,2567357824,2497245939,2594678487,2975675183
3065765543,2591983836,2643563415,2515861018,3089834756
2774741944,2467270198,2493962227,2558940433,2670688866
2613485605,2402255817,2486754497,2435414035,2948447727
2908375625,2268585769,2391558781,2366895781,2896066344
2893981891,2681033930,2671182047,2639439324,2991553604
3254930387,2731830552,2742736699,2727932613,2920978653
2453815309,2788978631,2908655170,2941449976,3095163788
4722721613,4028264464,4306640703,4764462505,4750596579
5451956060,4524287654,4419203704,4588089348,4690826559
4798110183,4409998105,4148960238,3389520675,3476300066
4271404463,3266725218,2800847975,2833863584,2772037050
3382934111,2808033643,2411705409,2492843528,2343968707
2803669502,2462667813,2208135707,2210499865,2311802246
2580064589,2290015297,2071767811,2032040012,2242402868
2754138602,2552170913,2292842838,2388735087,2413208768
2648061035,3174736192,2782051404,2735426376,2770454055
2764094193,3257299955,2907360202,3013231416,2851736769
3361820047,3142010501,2652364128,2572020168,2540393006
2763596916,2865694641,2620703672,2808871866,2710176487
2933218451,2919181134,2472360118,2585365185,2449359777
2564163224,3152822161,2701824962,2601454979,2750320771
2989681905,2865817084,2886221492,2828336519,2802739750
2845136363,2714373935,2618003813,2647883733,3235600345
2968045912,2628346991,2639430418,2874060238,3199582031
2679989351,2701226815,2597458907,2718753713,3135023845
2833794414,2646183616,2498437619,2586024752,2791785414
2766862807,2610447733,2559052512,2714594154,3123566268
2953451384,2635173852,2624398278,2569623114,3043855553
3101508842,2670727458,2582000040,2918656663,3091973347
2804185183,2746187633,2766502860,2724944591,3308884921
3089007706,2757013174,2755525692,2787158431,3202596639
3159363195,2788386484,2819987162,2716334516,3137030279
2774704110,2657779782,2670637207,2603860634,2826376122
2608579813,2317655351,2472348448,2462737152,2610333257
2599163613,2417201262,2368358687,2361099622,2811758117
2665676415,2515273647,2473925403,2479883249,2734093656
2499166263,2466193658,2319104022,2495546776,2514166102
2723042940,2962784760,2772613048,3228804864,4642744222
2225322090,2206737262,2205834599,2110196723,2725816187
2232073440,2285565436,2025239658,2189174070,2766769396
2582123763,2700770661,2755448144,3039654687,3593068154
3813358267,4215156821,4564488118,5311552218,6590039373
4374804581,4774905017,4517156199,3972059437,4513480779
3603357432,3519730344,3350893339,3353480046,3825754966
3437446399,2978961369,2955732652,2933510125,3278507552
3069931484,2671401343,2850691103,2710899878,3105624536
2895459301,2734393862,2764783686,2614095869,2813599581
2970916656,2639839689,2624035219,2568545789,3112146338
2735745103,2466779452,2550196357,2474817982,2978692625
2766919753,2461442427,2453658667,2491401106,2691150592
2619703651,2382485788,2608180067,2481580241,2673937574
2962107169,2302497743,2430888263,2393507321,2935721204
2983089970,2606193268,2648689471,2611477584,2807851508
2209318612,2014393771,2285103289,2158766615,2847808907
2259977462,2266117921,2028719330,2170884551,2769244121
2658418884,2653284613,2778492026,2912894001,3853421571
3737731936,4081763163,4492554077,5452597029,6526117835
4524835407,4916870750,4598706994,4193189740,4536920800
3596478511,3740307868,3427514453,3413255318,4086590180
3501718387,3045280738,2957015225,2987071619,3445270393
2899075770,2761636384,2648062853,2624296272,3313189963
2940237108,2783283824,2813378687,2570154712,3157980608
2534360058,2585511951,2716035709,2517682730,3197872322
2767936189,2662177881,2636409292,2615172610,3319788283
2476043042,2490108687,2536265122,2498758487,3062952107
2450984322,2493714075,2509297566,2472331748,3348918213
2467456081,2432387017,2548072481,2701418974,3422592190
2692005726,2755759018,2589729445,2691492137,3336253987
2663685734,2694927253,2694143274,2750853968,3455136589
2216807347,2016668749,2095649793,2034716099,2591353083
2285553571,2406615022,2021746916,2162222214,2624647412
2693935330,2718392217,2855111777,2912484152,3684159942
4172609941,4183868039,4519381139,5273527888,6396075288
4884499028,4876342755,4676564674,4001936020,4511558067
3987405598,3544338988,3421382601,3554008685,3894214361
3633718500,3116009791,3020736344,2998757403,3497179666
2888760479,2685021173,2694365769,2673438461,3070207917
2636146676,2603956562,2817947624,2629427019,2996156569
2656780480,2592191906,2546853890,2586918507,3080023895
2853361425,2628906549,2659329371,2614167484,3042643401
2717288004,2539573257,2445880323,2528184577,2794832677
2560489209,2499926653,2616239070,2533458017,2991154245
2779925706,2350999730,2492279660,2444892470,3267331145
2779471892,2670278541,2695105683,2729119215,3047717703
3020522307,2717894121,2729271670,2704838431,3125227282
3102664989,2747163937,2635564463,2614037926,2987929070
3065353280,2839808277,2830938542,2848844187,3117007780
2657200237,2581744504,2661583619,2592172765,3106936669
2738845709,2769990406,2886052488,2928207985,3025909256
3033446106,2795715698,2921431938,2961801573,3334603761
2998311862,2648912576,2506670355,2545410634,2943165943
2669508222,2545408999,2558652072,2693389923,3072243162
2817237837,2568335084,2593872401,2643001641,3283083008
2945882050,2400934920,2589218722,2566575404,2911174248
2568372464,2390313250,2298040016,2463824267,2709869033
2609410929,2399889258,2495731929,2474135293,2843228389
3047392923,2773093871,2613445367,2689295770,2774982871
3361065214,2780721292,2844174824,2844001372,2948555751
2893094003,2462082949,2513428899,2572945991,2920738130
3081559921,2484158746,2573950714,2572737334,2937889830
2254850819,1881531068,1974902194,1923017173,2633610855
2382062292,2354210332,2029805889,2014831032,2584753096
2844065092,2523326118,2854685532,2968427814,3689898286
4022736489,4140557143,4236470085,5145628354,5752846638
5195013330,4935566265,4649859979,4241384329,4150583031
4204481852,3608302574,3560337702,3609331110,3751160109
3706020540,2969669431,2922921411,2842046119,3131527983
3181573021,2659784149,2700094370,2561297589,3104882044
2930942739,2781920338,2829893824,2719735737,2702687416
3112976103,2636381203,2528633801,2680790205,3006416854
3014546496,2590504468,2723842332,2571426027,2758775582
2927171414,2412090726,2559351688,2475228906,2628106058
2792477068,2413865602,2471773417,2448323660,2763432022
2981489106,2395061316,2539981630,2452944127,3217436356
2899996296,2678115754,2684163561,2716716315,2956892293
2266374248,1809444198,2089748607,2131257790,2169321719
2481377903,2293204438,1973029102,2015594303,2353018916
2924248800,2665658626,2805784173,2926876126,3206994279
4074245546,3908882781,3964223580,4871760364,5455883884
5985587598,4850758505,4799989960,4234383206,4286498500
4614080460,3540642645,3664329449,3508549648,3531787998
3954252406,3009470025,2997967920,2844825477,3040924730
3214524812,2778151237,2675663394,2636364660,2784930861
3273301327,2723984561,2770409266,2739937093,2618637903
3150515843,2634702480,2503842414,2654062633,2655546238
3391879024,2708847586,2729861729,2701101538,2773437487
3104294992,2492286875,2568870446,2545378865,2508083531
2821449164,2448690116,2539747269,2464747382,2470816646
3475466607,2420091949,2457845607,2503525151,2762425733
3265672457,2656106010,2732669393,2642101999,2675738108
3195426543,2684079775,2681897862,2666514452,2837837061
2215640298,1809411244,2098492714,2066732084,2421198135
2329110124,2408308373,2016387122,2086514650,2268750779
2866435618,2663373893,2830217189,2763992533,3151999577
4005984627,4042748493,4195747913,4690592072,5521756558
5949323524,4852978250,4815178586,4260603346,4164535274
4540618522,3668994804,3487130511,3533306615,3584125774
3868370381,3139911364,3085159189,2909508196,2913629921
3469802655,2818655137,2740301745,2669659201,2664877224
3172624771,2749092636,2806109901,2783193443,2658185557
3185313507,2584018439,2535570782,2686648957,2902368996
3237574762,2659870186,2652605918,2643172401,2771254833
3126724692,2483121167,2587055671,2499164401,2507257606
2895028650,2470148185,2525117737,2529525956,2545962443
3300117440,2404149186,2452881569,2481135313,2704607333
3045324441,2602026007,2637589805,2549005623,2683112096
3417124946,2756836891,2767455381,2694394313,2917309990
2217187068,1941352391,2197558236,2163491864,2827432572
2199709956,2300599952,2015038056,2251364185,2782026700
2595884729,2700380294,2737800713,2939066716,3617502110
3981387555,4324982607,4782861740,5208737292,6538893507
4396249562,4828133064,4616147004,4015412352,4754005488
3594132950,3523026328,3214422703,3553053114,3801940855
3450869367,3036679892,2980291535,2934347690,3186376454
3210755687,2707006715,2810315311,2672938496,3076971067
2623290530,2653529889,2836370179,2604143232,3058873937
2697237213,2564748128,2490071290,2512027005,3078660141
2838191364,2660404431,2651846234,2625579544,3106236335
2677054112,2553955553,2463304983,2525057820,3101819687
2492034854,2497146210,2561844455,2576775331,3428192222
2353807983,2393706241,2504820616,2487330616,3612701031
2691599416,2594247553,2558197627,2726515130,3266256127
2746195099,2806853337,2663430067,2681439715,3478369138
