30,50,70,90
8722343055,9510450024,9030288299,14599947676
9897355111,8423588113,9473800936,12491309966
8674227018,7343835468,8100919793,9339943819
6595855432,6339120120,7215379217,10549920839
8777322094,11879845726,11246730251,12268254340
9647972104,12534680417,11814496353,13048948697
10570192254,8566853440,8505798206,11064320645
11487199400,9143203582,8441845078,12645031533
9764302684,10366684528,9329534655,11016458805
7301145858,6605475474,7061011994,10571183150
10907778452,10631568012,12762479223,17741202138
9799875142,8775767233,8906405497,12665157356
8417277151,8746516752,8190334133,9664142322
7298429126,8983626383,10369801749,11309755152
7987513184,7291810791,6413756077,6830057001
6906378022,6038196944,5950315024,8688841538
6734058110,6020555841,7446806618,10051468258
7881273904,7485418737,8463136472,10874192839
7393215898,7760753765,8169224286,11489558363
8933863009,8366681608,7236733333,8558424709
6481754499,6121556107,5910288460,7236866735
6458091290,6465061166,5865572145,8292228067
7324276172,7874851546,8305306738,16044743587
16787893414,13599779189,10202466774,10563566925
7342548148,5432784626,5946885407,7038081990
5780954864,4792307099,5943579148,9061770060
8200528341,9546140096,12073655495,16511015604
11191128446,11092188521,9101325434,10709062749
7811737703,7829239224,8079651373,9219214041
9371393713,9375457648,8668634181,12232193880
9939753446,9028753355,8179198025,10503541391
2536379849,2342544775,2485228187,2954888371
3077418970,2615449800,2594538069,3260970053
3160282546,2662384142,2919763029,3606153928
3395950152,3113680590,3195670978,3890499425
3493170759,3313035107,3191647128,3768360808
3600850705,3200494362,3502784672,4302705604
4249501036,4174882362,4305399987,5776979745
5742478504,5037651993,5105459810,7217089449
6906902803,6252337269,7541024046,8439636163
8618633203,6785327501,5440247224,6188767093
4529458666,3635663733,3368354291,4392147853
3541457796,2872934591,3084451275,4775370674
3198020777,2996877808,3175090742,4212012777
3313562408,3378450801,3645224123,4736230561
3795297381,3707519148,4214326250,6230312153
5211359619,5584007240,6459340787,9122042610
6522859587,6623302616,8018784926,9171515200
6106306365,5120729390,5153306202,5729302998
4140886684,3708343021,3911611541,5846050374
4406334143,4370054303,4370886474,6036882465
4387834002,3863072039,4188532419,5639595471
3941487863,3569345773,3595630076,5101768790
3930896135,4031153553,3638399690,4888767020
3901622241,3940776977,4255585752,5792712059
3982612086,3778377264,3535964532,4634711546
3552983233,3515844947,3557734077,4540432156
3462191490,3288037704,3215568061,4414677820
3525594542,3202192930,3351223056,5233620481
4066055653,3879381083,4220585112,7517114034
8320194497,7456047376,7355386837,14228610367
11289707683,9220417638,6088301098,9406956875
9774869964,6433538196,7024307204,7854971444
9013320185,5517643896,5013130985,4957496746
5860499401,3777003758,3546833031,3921124923
5999266651,4280817089,4348791874,4176808218
6403925315,4075749531,3957454147,4179464545
5592440420,3966215836,3370214086,3705066243
4925525576,4400754474,3943297928,3878265256
5370946833,3779295855,4015795812,4551782759
5814070003,3664250396,3588460815,3562253799
4602091165,3467417094,3315129381,3706186856
4732125017,3456087306,3286699820,3482955966
4659842046,3289399568,3161926280,3656418217
5348339954,3668869066,3767390603,4860539535
8007711155,8016306849,7355681489,7856974976
15562813800,10280406742,8465723473,6452394188
2221481589,2254479955,2390868335,2485016060
3584485693,2731443416,2641217843,2659705522
3488043658,2705968817,2873293508,2949930094
4145981021,3086672439,3169140877,3312728274
4235162879,3193267692,3050170070,3329288927
3776943199,3103779783,3190014087,3556960890
4964790509,3603122921,4218434895,4686469158
6436458612,4820477533,5053075656,5153272684
8115516722,5685033989,6251173701,7455671536
9830445418,7348909640,6200542482,5056722461
6366698862,3922620888,3519618536,3327924078
4688035324,3193212824,2791622985,3260687227
4657002527,3114655363,3169151687,3324847646
4793222616,3459618221,3205751063,3646954299
4760221399,3661552470,3765233012,4233253686
6757200008,4899756711,5622939717,6235597679
10427228579,8677912623,8765190928,10119106039
14667167844,9268675222,8486834058,10471073313
12118188625,7928153084,7852214518,8928656891
8810067379,5998422071,6900698635,7326061323
10578831283,9162589959,11661254198,11798295821
12084128201,10263850044,12428847219,12782994766
11513177776,8918055117,8601636311,9158272984
11483173454,10340431158,9008709482,8542378612
13333704830,10162709276,9824984447,10173412952
10586067679,7503648471,6616137233,7855180040
11455314064,10800261772,11305145558,14901464860
15260796039,9201458126,8959681013,9565557958
12123440426,7939316844,8734212066,8340586465
8406916912,7925587235,9210615284,10567439649
9989775071,7473283284,7026270345,6276683780
6550247653,6107013655,5509218636,6401919144
8717030684,6414462325,5570708568,6755141944
8404898402,6377711241,6499487533,7727055419
10329719081,7051715929,7847289988,9079654434
10464707939,7087200772,7900799244,8905141885
11100123321,8706179125,7999830352,7679980946
8121850868,6498435533,6220070743,6384255653
7528779750,6317360001,6510685328,6300081064
8362743612,7194029179,7670166434,9426058444
19184173317,15942959326,12023540649,10417573878
9229364704,6525892157,5487014383,6241530033
6580694301,5128990705,5085098486,6661423528
8370629821,8202102832,9269434908,13659382138
15550736707,10754657572,10414403025,9736270229
9787622185,7697913070,7532922484,8504836441
9759583888,9254926003,9228279787,9012706585
11833399101,9547882293,9372851143,7854387182
9235486481,9657833960,9190431245,14460926586
9905201185,8467370417,9108494341,12135149395
9051700121,7535598914,8105612976,9315527536
6522975885,6398406533,7258039076,10490520674
8828134827,12230751119,11420202659,12732449760
10005011451,12300765740,11799305863,12886836936
10234730433,8584326759,8854191188,11788385701
10738914014,9120954201,8208090608,12586924273
9900597234,10171165651,8650340701,11139042703
7205867009,6904378456,7219140747,10606729259
10799734999,10514452262,12559542822,17199527202
9873674228,8969101970,9015794933,12311416071
8587127252,8569693549,8319464245,9401896779
7184600128,8688851959,10160981036,11208176058
8035861334,7480598320,6456379499,6835424286
6649582075,5742530579,6340878555,8634520438
6550296439,6287951248,7607292531,10063758507
7715632587,7739082658,8261730267,10871334151
6879586552,7773850830,8018652991,11565366118
8920949177,8321076452,7077069715,8806966356
6386008128,6022668307,5962840597,7671140156
6452457084,6649129281,6409154205,8527589750
7177874345,7839707362,9035073656,17357029564
16627377164,13164341036,10329722354,10149592794
6747527009,5680912119,5727062461,7039134919
5679373587,4754608974,6237333708,9290337864
8093680758,9315795887,12231077495,16339117876
10749074368,10481590377,9017191821,10335831902
7638887031,7801585941,8079517382,9165373476
9034830635,9126043299,8411124962,11350029546
9589328274,8811067052,8430413177,9856733290
2716314091,2403718244,2527470792,3252924596
3094666519,2841497369,2678501467,3803002144
2998403226,2869133210,2971457312,4220119299
3091836849,3237751908,3391527522,4441052102
3000790353,3120418376,3229220727,4104371655
3024855030,3128554717,3385417268,4978070538
3686997356,4511519561,4573564386,6621937134
5114060402,5237195241,5142912258,7844981117
5853567438,6690630511,7627136312,9141074877
7243333303,6392360145,5162122888,6313166902
3987454374,3636221272,3335057881,4647590191
3231873990,2898433738,3014854298,4346490547
3489730293,3129992980,3326450622,4754421483
3438749853,3230530370,3532205111,4672108568
3651407355,3636265183,4224999563,6573537423
5171303306,5735867314,6472470601,9226183432
6188426720,6888775274,7878567521,9302168754
5855626345,5095481703,5050999997,5940901292
4045177946,3535980529,3959812839,5946081699
4295619633,4570647153,4602687098,5904194822
4215503436,4021339421,4391193711,5741557289
3741416993,3380265376,4041070428,4899425676
3944085686,3897492119,3965869155,4890081900
3872395446,3872109114,4425151486,5801420170
3800291931,3632462381,3627725649,4492183346
3518247987,3466399922,3698489854,4530141204
3481723894,3313855506,3461455115,4587954005
3413656019,3335832960,4046721724,4953073052
3729005428,3745713996,4663067900,7301288003
8260316783,7511642548,7772335366,14208940430
10676911028,8625388191,6587211113,9073257712
6687503899,6577195455,6521657964,6618339758
7819103999,6757549580,7249308057,7469260589
8949559634,7052950637,6346193150,9178024563
11967577846,10337480385,13224121807,16409118015
11382566644,6685986628,5846575598,6945078201
7473897295,5550760126,6969320736,8056342333
7624719847,6546147880,7086622002,7627342430
9398990740,8237800132,9043216764,11550070050
11567337331,11117532682,10239247971,11261688460
12382797824,7720969951,6326186949,6684895537
7260994650,6033476139,5864132132,7961751215
7508170849,6568711207,7860472265,9840620813
10909520717,9324558646,9278413488,10468766274
10088376508,8822858490,9869498961,14084237435
13288440534,9787205849,8027872184,8766982709
6055253526,5577190308,5782341121,7135582457
6793840383,6782659352,6177809627,8239459586
7263813462,7182681076,6505767161,9531474404
7244236485,6804798902,6789712418,12340425201
9994223401,10678796046,15233645711,15537009670
7467644477,5997109810,6621391197,7588103872
6128999281,6589386431,7273031625,8890637888
6343552536,7658198923,7134963934,9298255048
7919130359,8376765417,9575891924,12605144584
10913252109,10579514417,8976099643,13676160627
9559580802,6920044539,5425440345,7961161689
6357170512,5369973025,6739504108,8543162526
6715214690,6710455533,9066761753,11441925471
9936045685,8773605724,9203760542,11531951525
8793229379,9148138714,11037463000,15448155236
11326468104,9161346209,8480626215,9805839656
6498952872,5907604105,5323448507,5800579022
7237270853,6669427686,6620214226,6122705077
8049849752,6959894674,7135749412,6826571102
9454807156,7153389197,6541298252,8788712771
11703000377,10156147018,11239865473,15571782987
13627558429,6757252992,5868408115,6859765138
7941224338,5763175887,6891001395,7571183470
8040426942,6211804576,7154434600,7292016320
9209271131,7830085111,8541531734,11007254893
12492868245,10672699311,10507920799,9553528212
13439813218,8730285721,6805194907,6013368929
7961693643,5903495078,5206209498,7560341024
8330684647,6515466802,7181598810,9321149810
11286237980,9565927467,9084337404,9944462090
11260464349,8937657550,9597863864,12828117363
14847172033,10341852528,8252791438,8711300192
6433911979,6588269976,6352504770,7144790373
7840194056,6887175336,6999952917,8597772228
7875386227,7384773607,6338591312,10707811737
11120453101,10239075444,14820187779,16232374632
9320592497,6228436092,6034344585,7561496033
6927804078,6430513436,6924526370,8521551670
6384713905,7260067788,7085295637,8538295969
8858809842,8449849365,9437205252,12334664969
11060285273,10648437755,9331665476,12966507305
10455313121,7181496888,5910915318,7388660703
6924170649,5643980276,6045296398,8062239723
7119629250,6667741105,8084440402,10520349248
10206032243,9570096928,9422688444,11153436425
9590742231,9182806851,10470130909,15487507923
12349850901,9509820504,8628169175,9683708543
8193401197,8726412254,9850156918,9554501528
10362971295,8728307862,9076334640,9223443794
14948117506,9259345129,8095768188,9351406767
12496455107,8555669909,7645314512,8413171884
9579862172,6103066084,6756962019,7439808164
10901939895,9473082269,11773386425,11218080455
12575482293,10162259160,12587336601,12425446818
11823759246,9012854437,8610761971,8901485131
12078337409,10332660996,9191376789,8570064227
12980556938,10183654361,9868867238,9807597685
10964436019,7124232167,6723018720,7032000462
10961047183,10719812789,10580124319,13302494290
17909509074,9488285614,8695459898,8987812371
12689472876,8185086128,8657379529,7915467073
9317673512,7258189632,8788113087,10323952001
11675174323,7693443519,7204394215,6312146706
9549632589,6415027989,5721504430,6203024377
8735949816,6521726927,5958237514,7521787826
10930095092,7650247590,7581834015,8654095184
11037266130,6525064099,7691014775,8223246871
11640820866,8853822544,8296201514,7161018417
9071381976,6459486186,6215022423,6087392780
7771780655,6495313063,6646472248,6173660144
8322590916,7131936084,7644025747,8620276045
18308939914,16377001043,12594576969,10653149479
10109837904,6632763266,5408354039,5797698838
7218172131,5448423469,4925754997,6343487518
9383277421,8296250788,9096647300,13088770147
15990130627,10253784586,10453067920,8610270965
10684149940,7639005248,7657596534,7745003831
10194369809,9277461705,9455171012,8906423096
12077389765,9533198547,9328738334,8196961316
2327943736,2236444430,2383601415,2373214506
3419951031,2726005747,2695791677,2614788966
3801104116,2647188822,2979772516,3042948187
3986566998,3045046978,3078342473,3104682269
4188327687,3045491164,3084947181,3191398283
4074873681,3148527850,3134376838,3287066811
5285235980,3632185828,4281179744,4477610742
6655911378,4958165396,5090293761,5683209667
7562357187,5692274861,6745375969,7581172108
9763862203,7383731388,6238999386,4893993692
6047889281,3872088942,3579063931,3331153296
4575047014,3074265395,2876639108,2923485604
4579367464,3020031153,2961539660,3004304220
4281303221,3594473550,3265031978,3333193682
4832471644,3844386669,3457259933,3890225210
6274877658,5463212327,5436552483,6397868263
8873684988,6801651375,6716543515,7566051984
9149616691,6186548802,5153769762,4867732780
5738188698,4249775262,3810471716,3510562522
5803776502,4455299758,4506666575,4404887446
6176316374,4610403888,3901817446,4054350206
5634192309,4091046301,3694448816,3508587530
5258421899,4038493323,3700718306,3355760498
5196639560,3689304320,3950933667,4027689114
5987670992,4059549303,3749377060,3419634076
4713009465,3841705206,3391667673,3381790443
4604039154,3469058072,3288589555,3187759106
4932629432,3437492601,3274217121,3465177666
5524634287,3924934050,3830039951,4246384388
8108796761,8221789896,7360513564,7180431053
15275956669,10769186297,8811198759,5947214884
7625838688,6688961066,7224585866,8652022052
7247973600,5245429950,4963164425,5637649117
4767929381,3806666853,3319773308,4986895787
5250368227,4634885431,4394218804,5115676559
5365400968,4098991589,3895544756,5090591609
4811357328,3717931572,3427620424,4623944074
4499976427,4018694498,3652066581,4555644380
4649406652,3881908028,4085726419,5273059057
4869724777,3691756718,3444763827,4296721195
3803667520,3572032353,3307856266,4207820139
3870892435,3495972257,3322966204,4164178296
4154848492,3330603277,3298719908,4448447005
4336173216,3715420398,3772794140,6135389521
7954320931,7798674924,7583988747,10452477376
13972456626,9695940938,7339627751,7774059178
2258677839,2333546201,2428076831,2945148905
3304053710,2658954882,2765121446,3408111664
3196284182,2658795341,2974625708,3967735970
3388660408,3318745070,3273839923,4034907179
3324146302,3404572386,3117276013,3793350035
3502623819,3166371216,3355084152,4303985325
4197062419,4220623663,4320789434,5639778489
5638225101,4945052529,4995202938,6765354495
7017935178,6248145352,7341147550,8247767948
8383394857,6838312251,5469971874,5731385053
4860195876,3733387959,3319282728,4087424992
3868703138,3011491263,3020601581,3898324454
4066511075,3044005507,3213831567,3924301050
4023008037,3324088694,3431687634,4455473967
4175320506,3385264908,3929418184,5141475293
6019350427,5528521912,6295754661,7885817460
10301601234,9703471373,8797924463,10562848349
14091635005,9040276335,8486276530,10514709175
11746986989,7745517780,7643186021,9006279845
7884268689,6215562553,7383348444,8590839859
10612815362,10853043106,11178965459,12341039094
9940545356,11912489449,11990315564,12636742700
11332033723,9010921244,8843082361,10271983206
12220677275,9508846178,9368919250,10238568872
11803044421,10586745552,8900222589,10732648667
9334875294,7151091407,7139308888,9000571191
11095243635,10411564753,11721158428,16111787331
13192402343,8767177219,8902329873,10650998403
10321051500,8142324485,8434318618,8897845333
7693620988,7759347633,9617385774,11037964442
9105779897,7632083292,6607548362,6433955964
6386104403,5927591212,5488807833,6254794798
7815834385,6259934644,5383154535,7669205296
7698686864,6097814317,7038654059,8289726716
9414008582,7189922870,7708093600,9798856449
9216688734,6901145829,8128542631,9559968362
10760954945,8767696820,7941315501,7836980772
7652952650,6347425222,6272419707,6682495262
7007912991,6204560532,6378709768,6909315503
8043737134,7206534694,7473463498,11697519423
18657281208,15735304276,11024120591,10765597908
8762861689,6309415673,5770432426,6604683662
6498432091,5150193742,5211674773,7554225290
8663108018,7921650698,10360630372,14743999827
13927783427,11584362339,10045904232,10383119824
8625061161,7863243933,7269809392,9052394938
8574309747,9030171171,9740221173,9112784634
10914793447,9430705930,9569509304,7999498454
8735879841,8267206349,8711011356,9484146769
9707141269,7637634306,9388656282,7761043626
7278766126,8486317489,7268482748,7604603851
4745696220,4933932081,4958677816,4889690561
4756298814,3360012343,4444046051,4778446239
4358070936,3503399875,3975054572,4671748120
4428988256,4122694383,3801180793,4652950413
5600697661,5770334593,4633787263,6370088495
7140714960,8401211370,6693464733,5909046221
5704203341,4861340449,4512708301,4011958056
3623162881,4710507324,3907053323,3855155172
3461172209,4391996038,4662494915,4563981954
4896987290,6691118654,9917288754,10092751203
7393572677,5831850013,5610879632,5716997366
5138267181,4861063097,5406933679,6227048065
9148864990,8259973112,8544479785,10006042488
9321564048,7918711781,8927182742,8037070629
7213614929,8797318116,7183946800,7402030601
4955210317,4921527398,5015381646,4956017660
4634501031,3370940609,4443577941,4928304701
4542429485,3492483858,3963174468,4896426364
4584509636,4260508168,3950454167,4942140280
5545852090,5606994932,4675321411,6193569362
6653408260,8505924911,6443613318,5961433848
5734651765,4660937538,4343840505,3613171676
3879056387,4459296426,4271338227,4000192479
3789747700,4261327106,4555083240,4412756946
4845864565,6654503439,10008637497,10555964194
7385186668,5805047428,5939508123,5956681895
5034226694,5064927909,5241112017,6247177136
4625859301,3887128640,4283816660,4911841147
7065144443,5810969939,5581903364,5705370967
7553742741,6500430624,6682475648,5805669760
8504553540,7172985082,7189080816,6487137589
9572437732,6863583909,6647586146,6799135999
12644921786,10478338281,11411293843,14961450201
15454601431,6821581753,5831993115,6557891275
8095168912,5931506972,6712968904,7495486066
8523586417,6399234790,7260209167,6979942184
9320353472,7472365212,8269679136,9910974013
12906967094,10952405024,10543436197,8618451046
13799199655,9038374313,6790591057,5653110053
8250943850,6111238567,5651300210,7177337665
8784891059,6673201049,6696326470,8967788440
11184750663,9913645203,8887155109,9543253117
11919387161,8885520628,9351471095,12155281573
15363913291,10688412825,8503807036,9355826497
9154425288,8403727597,8684668008,9429227993
9417870017,7753937645,8985233850,7805777165
6646852713,8621490946,7312238253,7320732455
5236328665,4856683059,5133319675,4937630314
4909251345,3391149547,4506370349,4860483610
4603314940,3569241840,3784697606,4821610268
4490917456,4312859576,3673996714,4606041823
5535548947,5566014409,4490255768,5746342412
7006647440,8468391306,6983036196,5622917967
5860263842,5041109297,4435961147,4185749367
3941050350,4285231164,4090055432,4086280487
4030030884,3921863063,4903042163,4529104035
4947193552,5852476889,9850911542,9753065726
8763541421,5858204726,5648947040,5967395159
5279200382,5008847008,5365518615,6328106724
7397604327,6428619985,7120147330,8748957937
7074357494,5484212753,4906860047,5542807485
4670257204,3902819247,3683387103,5652315280
4691863115,4500967433,4276586197,5645819793
4555600060,3997557336,4061352383,5712902195
4267093248,3681655206,3536651149,5179528678
4054312496,3946798656,3441205448,5114714121
4047745588,4037837005,3811383233,5948445555
4399493835,3668426738,3472625302,4924768878
3641128336,3408182299,3235379801,4515020298
3667144208,3381108443,3139948924,4568214365
3567416818,3287787693,3318288921,4955878492
4087062583,3541104064,3738609022,6743895155
7557458890,7743408461,7249311645,13218428188
12102808362,9722777631,6915005484,8966995779
2499087259,2609747272,2325324302,3131032863
2942194289,2647218377,2625297830,3458701229
3127697916,2753197360,3092588345,3974561290
3267486567,3341153934,3222905572,4128272726
3145494484,3390978867,3112749315,3865953212
3373101883,3198603112,3351958979,4564258232
4051404577,4259620136,4605110118,6037122164
5078734762,5229561917,5174066899,7186012291
6488552315,6564588330,7835636981,8826115041
8081226769,6684795639,5170770146,5900991625
4167571865,3516901887,3360162952,4097127707
3730796206,2879970437,3056795723,3999581741
3940956334,3098000322,3263995848,3996950647
3720506116,3356180479,3304150991,4120150377
4309661145,3438643835,4276210227,5751082744
5703021188,5668748838,6339571372,8390376928
8698974996,9365369825,9220716522,13183285760
11395855726,8675832848,9033411118,12168025000
9277275078,7437799923,7905347027,9266200664
7255342138,6072957354,7257565916,9904216724
9605271202,12061988764,11113994883,12750117954
9231438795,12472886582,12194643873,12634773337
10994247556,8537923575,8534603829,10829325552
11866025902,9046118933,8855928276,11485588286
10779392805,10553891861,8880008839,10476098681
8881637254,6683964464,6938683994,9211121758
11109646826,10786083912,12518440268,17021590616
11972892681,8842473905,8924811944,10702252980
8719730732,8096461918,8329676758,9175129370
7719233793,7789945780,9808573876,11214673524
8650178320,7604530473,6641512537,6794297766
6274845235,5755133769,5587194302,6699533411
7385805759,5985589151,5810891350,8672756901
7037045572,6232312249,7332020242,9894885067
8146313768,7466558833,8337908599,11091207254
7594423043,7270782719,8185620316,11354219399
9431497531,8754757816,7481146001,8573033991
6309722270,6239206147,6060650965,6983284901
6569332982,6547423701,6237303888,8172710859
7486466295,7817622916,8170961765,14618909226
17440772035,13510816803,10030603013,10587439390
7755808931,5565536810,5692326773,7092318924
5876907541,4987455810,5877383486,9192378515
7759165063,9148309976,11166951149,15828462545
11955444033,11124312946,9423999877,10570420877
8027866162,7779049323,7828124273,9441112316
9428333150,9034055997,8926117644,11080415694
10193679195,9052464786,8860797152,9769606187
9980914055,9460415233,8832661754,11422667364
13587390575,9065670978,8661337569,10791108117
10802488447,7463426371,7738184487,9009395501
7846438665,6251114475,7354361483,8810734960
10242020471,11382522247,10969317992,12040955421
9345472403,11759603887,11971600788,12121396950
11728325078,8887226567,8951130309,9664116578
12191842961,9226153974,8972442934,9492852348
12782521520,11040418162,9097530447,10361868515
9800394218,7036642069,6853966544,8575924104
11054019188,10294688326,11159816656,15172812180
14929904200,9216986107,9041844722,9887223621
11004093189,8123933347,8661028146,8767274170
8014770518,7698224303,9286748329,10240943090
9834877839,7652890020,6998410399,6441827904
8887570125,6576764156,5705118130,7421463562
7831587087,6050973256,6922679815,8021330488
10073475218,7268372897,7643574101,9440700121
9549457124,6626671799,8066828410,9084250655
10922284991,8676755839,7841179000,7517995719
7802533731,6503399311,6220898726,6338367339
7347776154,6323389226,6668812567,6632209203
8288766830,7060624731,7443006369,10374069417
18593240880,15365073053,11663495945,10413070894
8933244363,6665972528,5567087649,6196087196
6571620644,5391108022,4932610769,7058118865
8907050229,8101480568,9965910911,14604653760
14514025490,11438445105,10347809081,10252897817
9018922475,8492261554,7578250359,9293016178
8720609701,9171894364,9516630996,9468014205
11098383355,9314715222,9614519253,8515202174
2336068956,2403431902,2499580188,3039782977
2863920209,2557981721,2623923043,2947473281
3263228427,2615927970,2972896942,3286904133
3629218385,3141505950,3084432543,3631845019
3804812562,3223349489,3029170654,3770236882
3524752795,2994050805,3082329615,3489008833
4855758453,3754394913,4204577521,4919515812
6412238356,5061019523,5126441466,6087618582
7423618068,6076761139,6706762679,8043111058
9561323660,7203730966,5983663471,5165695899
5861236719,3887990572,3570172422,3971695109
4116949902,3068715093,3043670946,3685771038
4280399603,3112594605,3171246445,3680732369
4161498571,3306070764,3294023982,4116198742
4558531891,3458338904,3954588801,5009167091
6028302771,5293989680,5586792224,6494162217
7904210931,6513146815,6818323206,8507113834
7931356352,5466809768,4932968245,4997087702
5438215334,4104246589,3579538802,4683106033
5292218095,4248515250,4105561630,4437837595
5993198406,4032328492,3953492853,4309646290
5455446811,3624167446,3361541619,4076895258
5150114116,3937919553,3661067067,3986159492
5025662857,3840509800,3883931244,4542100439
5503751373,3699707794,3460702485,3870020931
4415509801,3500620895,3327288027,3819185661
4456058977,3542853161,3278268250,3673873632
4479140625,3309353106,3090307955,4037412138
5101332285,3836957495,3811729147,5172652744
7829345604,8241311486,7722555664,8477554252
15025550835,9850541948,8333292196,7235381160
8074521963,6598709092,7215942888,8354021680
7865096846,5326672230,4883098345,5371709628
4934965243,3724086275,3310249916,4313280975
5582388538,4295318423,4558282283,4621128467
5918419572,4217726172,4267742462,5010051731
5009409616,3642891108,3349484817,4417437762
4762511049,3965602061,3639282802,4368262810
4640008657,3805930038,4136193560,5153547022
5085504896,3795347493,3441652634,4205861501
4010180205,3569547104,3090046011,3924594040
4266254146,3379013885,3209251647,3765172473
4350289842,3401428711,3300372524,4172853879
4972752701,3690171085,3817560197,5583402343
8205463796,7854549670,7549713147,9603711210
14709722289,9884275702,7880475243,7588633678
2436064109,2294435663,2463065840,2939643458
3107890804,2673221018,2485638953,2953395088
3344414011,2619699429,2927664152,3489831284
3424015905,3020527520,3224240547,3896738461
3557839124,3332179339,3098853458,3734614635
3588090142,3203808199,3283054110,4035729638
4570693911,4127404865,4343442844,5508195182
6112953591,5107035010,5051405946,6768492068
7185566900,6166428218,7588768297,7838474977
9326177201,6939127102,5573323953,5520437972
5214986420,3783955917,3270487129,4035041129
3959910952,3034873252,2951954690,3760559266
4120831070,2951692736,3154410947,3740875683
4019251136,3384486176,3264991729,4004355590
4443427020,3604523544,3994839773,4777260898
6255344260,5367034757,5784281863,7677566983
10263589044,8741640305,8724025235,9792953347
14530315558,9451253948,8816147992,9672435204
12200398824,8366164592,7681053330,8805260880
8930917680,6314076563,7028398774,8002570516
10824169713,9681690567,11773847358,12125447285
10919040806,10292636633,12201556195,12257285554
12217847265,9287356871,8751786007,10073601728
12204958500,9566756670,8987129236,9030072643
13501694896,10824549522,9301056042,10471669597
9953299138,7264059799,7056780259,8978773527
11336185326,10304864766,11653747810,15262167662
14001994615,8899295553,8991269981,9801891120
10945439383,8341340163,8738201463,8798479607
7760239644,7711970402,9408406075,10657505139
9235620624,7667561731,6883813140,6744626170
6381298850,5884558955,5394525435,6449042059
8537102062,6397928348,5672853448,7885453258
7616224441,6247252008,6937537813,8173289974
9514473997,7105299179,7853386314,10034430173
8698502604,7023902580,8199073388,9870357976
10446038620,8926013746,7870250984,7989718122
7322702702,6262178415,5879695223,6328338437
7348838417,6271223321,6715555307,6885250992
8058019124,7340777489,7673430857,10961257936
19111687332,15820257402,10914186205,10660278946
8851073431,6529265057,5603012968,6513770463
6617669452,5162633116,5192976354,7309015662
8863570225,8124654316,9803995907,13426345160
14177193902,11017858734,10302172546,10141819173
9661074009,8154053077,7593664525,8896082939
9234257787,8758529607,9173137292,9225381053
11831481522,9416806910,9428668342,7340511767
9616328911,9559030017,9054998463,11614403020
13248886447,8794049143,8419510962,11204087697
10809595720,7757454130,7937985446,9130447029
7912131030,5930286494,7429027052,8982246844
9983489301,11034871475,10999620906,12361470758
9218676099,11796880891,12030202225,12784796589
11099210118,8571045255,8840624047,10303907192
12111477821,9265591464,9047331591,11015432624
11218828301,10386168611,9057374855,10924370261
9161217566,6983816257,7127099570,8734476160
11047326942,10638566823,12072755700,16575933604
12655364329,8835832310,9104321562,11184180824
9294507611,8160799277,8548912910,9062507793
7948112469,7761122212,9776734831,11395100723
8982151402,7725845676,6780659690,6718239111
7660937414,6278564366,5615752288,8708019959
7017592683,6106853571,7429612119,9730293628
8554097068,6995246011,8051103924,10512654547
7798693805,7125071332,8136370788,10642757863
9250495517,8897812907,7580829566,8267664974
6746904490,6450546161,6110932928,6812780317
6874044922,6494149741,6508493909,7568116238
7824379626,7702827118,7998829686,13087747678
18848761881,14481821095,10442886569,10477407846
8389663632,5801752397,5777788406,6502920403
5860289187,5158224048,5065568443,7768511352
8609575629,8323911698,10591886461,15479957332
13014616316,11163564278,9709861033,10285462504
8765416500,7966500372,7498404758,9479341632
8810774605,9194787017,9398537921,9467532234
11178794552,9164686142,9675675315,8683500215
2817801117,2415039058,2561920131,3634743582
2871062562,2807085325,2648656348,3800513446
2898536739,2794483419,2926609134,4378104894
3185451908,3216993195,3116351486,4197980649
3075145216,3296672636,3133252072,4086298904
3155591648,3064852354,3337373506,4752391961
3540466656,4318862428,4535036332,6503074780
5132304240,5266856782,5192367849,7829262119
6109391810,6425010506,7351480085,9002473612
7641855836,6354692487,5231101779,6271902816
4192760897,3562878071,3362020778,4548895056
3218715394,2883121873,2962432888,4238260503
3673903294,3055007786,3514150409,4407319146
3398852304,3119706621,3479492861,4384977627
3763871044,3423637683,4013297830,5865650150
5400811686,5531481082,6365558589,8834543770
7269132493,6696023185,7541680471,8479437666
6446447982,5005518668,4876123474,5662092733
4399848091,3921595370,3528721104,5235049168
4850380519,4417954535,4136925519,5750456770
4903228500,3862679341,3949373359,5247052645
4605347175,3759625152,3456645650,4819964914
4462483618,3947404692,3722717922,4757728213
4547684676,3995438477,4015010720,5776561856
4470051134,3725439860,3477145257,4703296191
3676047633,3415432464,3285135758,4188384100
3919308602,3362928264,3239983856,4345162042
4046740330,3326582011,3318761174,4754153263
4454871767,3727721046,3689997426,6914409766
7665985410,7415049193,7167754272,12314772713
12257590801,10016555788,6969209026,8703891695
12391442807,8902917665,8812807532,11743474918
9955578048,7731143663,7994120386,9267126816
7489948657,6227433024,7369891146,9285701302
9508672312,11333027460,10920676027,12991554922
9236878805,12168927878,12100705373,13090980563
10730727497,8883546555,8794106306,10834495648
12569663100,9043225044,8982628808,11738431187
10872377508,10668006661,8775021097,11012495383
8481426347,6838031358,7081658450,9865925983
10987797741,10789490545,12860146205,17020889762
11036612118,9080970049,8790271169,12423313052
8456391612,8396361823,8151033849,9163959911
7430714744,7891863235,9906045281,11607720616
8531673124,7594164898,6639400771,6831941996
6440435123,5834601472,5699193194,7122444704
7321923964,6019880622,6789335143,8661777406
9520290174,6871837820,7890916266,10125769823
8948521002,7072123814,8432555262,10197489770
9846631047,9036511850,7838543144,8164300451
7119632170,6330994366,6291021052,6821470488
7162630975,6515817270,6509752723,7359568948
8081892708,7662207035,7816202154,12426290860
19378413558,14999015213,10658342722,10681143336
8109050044,6071203652,5858584794,6916582315
5988462244,5075657286,5417539378,8016152679
8249052656,8413634225,10594493611,15969183542
12764984076,11181654328,9896546063,10601332407
8662750687,7874892302,7375822836,9460285746
8695556567,9181775605,9238426007,10039955141
11115879366,8894268437,9340027913,8881667297
9679729813,9594753873,9101272040,12046837065
2690515313,2461374409,2556644640,3409432178
2837376446,2774082214,2637954577,3582908983
3000603061,2737784140,3023123615,4090559510
3219756952,3282793278,3332307478,4167094599
3177688049,3365251195,3219525286,3927137044
3343201817,3057481939,3457891713,4663595766
3708274454,4306977655,4305222464,5792748740
5546108782,5108687342,5179352844,6925894157
6069373443,6253900755,7348895260,8225928356
8646189986,6769613074,5607526563,5838476544
4820737354,3826739717,3422230838,4211218614
3625330455,2863658087,2967356383,4075682413
3885032901,3007909126,3185544090,4215292849
3665831121,3231567532,3410888017,4519331217
3944922885,3472710623,3799797068,5405162563
6063290518,5629814207,6216079728,7884188788
7596026273,6735791251,7790777023,9022404546
6186703515,5070287083,4780437133,5700600394
4392516426,3928055023,3537314842,5302046962
4599766514,4407602366,4189320829,5053643538
5093840961,4147202096,4036600817,5543964607
4480535010,3739927582,3602170199,4905698007
4125870150,3818919820,3523121167,4999404681
4226814025,3968674536,3865481936,5490217654
4630493217,3821803209,3502886534,4563341999
3818844542,3669242605,3367399118,4547642119
3782449767,3249188069,3184709538,4474554000
3822249236,3269354159,3413383694,4911379792
3939968106,3447851477,3835816863,6641923111
7654390245,7602173011,7263692295,10699848174
13263250987,9683199796,7287014018,8044577064
7886125804,6358515041,5550639600,7987382320
8192596542,8590775188,8912443070,9976201245
9308389917,7789152800,9349442911,7493281493
7642804333,8505387652,7412454388,7220261835
4788390793,4967315203,4992870272,5219746151
4327073843,3540706732,4638465071,4714324378
4716847031,3510274658,4191000829,4852074128
4647765121,4002794934,3942172178,4913012168
5436753135,5354116127,4802421702,6388288506
7038016666,8599889624,6420405273,6004196662
5854065553,4656129537,4454473621,4049537422
3751749724,4389713440,4007063080,4003884445
3673281447,4654269319,4569329220,4609337720
4673745948,7098659764,10201567970,10295035252
7063369025,6045279738,5799364749,5979018781
5095909945,4940428595,5485206400,6390617137
6668085468,6681623598,6477739943,7476990977
7708864141,7034164250,6652589323,9054841096
7362716170,7200274759,6269452970,11388572872
11286845543,10469291415,14744552325,16072511497
8543019145,6103481587,6135849052,7508084584
6736986616,6276892089,6998550222,8551328679
6346418835,7337270707,7196219288,8773277530
8373500079,8606083434,9834110726,12595995866
11439609749,10814613661,9361567808,13588083380
9990942902,6899021710,5969491047,7796817906
6545997646,5701046023,6896829242,8349273771
6288057719,6365633289,8678218941,11167638692
10375778050,9351201953,9228306377,11737484180
8815022108,9204744154,11427562132,15760632958
10901379740,8663573571,8312373438,9413565474
8081056361,8749085308,9730681632,9052321695
6456075248,6516165001,6495100917,7061910632
7851619931,6994049900,6933213512,8332650801
8081870139,6945078239,6384669580,10364936068
11180067431,10592202494,14692093512,16277831594
9918530728,6253707933,6392523596,7481142256
7174824105,6264700058,6926574451,8262937410
6812773759,6914282065,7023838942,8221344012
8708820678,8302774009,9085715750,11742095947
11487085465,10680834086,9729707099,12784838457
10644499573,7459776796,6007440084,7696918892
6554457311,5379453769,5913547133,8225344921
6941052492,6606908964,8202027064,10830743887
10233039624,9417245920,9597510829,11746011997
9426619856,9113053544,10967864215,15492556519
11720494818,9576786932,8613420522,9942684992
9700316413,8117005827,8730641204,10102808779
9644846823,8401652037,9081424171,8290842403
6544500894,8904710856,7367521687,7359740466
5275447807,4853354770,4910228075,4673040117
4945447411,3451891967,4373950094,4926874940
4723611711,3625690593,3564541470,4741283382
4740680846,4265008149,3801372500,4486214522
5494501253,5385373079,4429600355,5434963958
7268620608,8301212422,7273786899,5784897532
5860997097,4943396706,4586778708,3989285605
3996787325,4390135368,4278393162,3988688704
3791171790,3670179361,4696230398,4645955703
4869781580,5187110161,9061556133,10146372221
9309159078,6374558141,5313482270,6090638961
5720207418,4958121461,5076578211,6464893154
4985868518,4069631626,3959471510,4713463811
8442481272,6482795966,6872770470,8110504137
8229307752,5421579487,5065192413,5264227016
5187574732,3945378923,3456641634,4901450335
5099974986,4132517003,4335937662,4874721868
5750701380,3968134594,3997069284,4733663539
5210992000,3757421737,3339500082,4303581885
4892533926,3970100978,3821350698,4295401550
4874822360,3789927200,4053702681,5010401915
5202176932,3799744956,3599901095,4064759112
4251835001,3605487857,3475971971,4031278366
4069424822,3493108750,3184511702,3973750143
4222122846,3454947860,3304294498,4352619742
4897465758,3617102421,3875523963,6477541504
7904025124,7853947772,7633809320,11849780107
12393966362,9683132606,7098487699,8419478350
2328602175,2249735985,2455822254,2613869670
3386873769,2739070579,2616519673,2898676362
3366503943,2598884775,3002446315,3188164843
3998242834,3092346771,3191798891,3372118207
4026959996,3165128323,3091179109,3372309149
3675894986,3182053329,3355007302,3694514645
4727495842,3835494100,4342440131,5084748229
6096183929,4545928251,4864940983,5316672810
7682748577,5996324038,6729977072,7961002568
9356378957,7138548446,6267139264,5186553739
6258744989,3909567576,3570785944,3672445885
4240970032,3081507644,2983651964,3370719868
4546877854,3059708447,3001585713,3494975938
4649153022,3355415158,3235434126,3769523587
4805492020,3610680693,3893659583,4350430421
6784769375,5178708102,5826670121,7134927220
9210883207,9491232657,9234460860,12331572304
11732406919,8833820345,8563735421,11937684599
9794429061,7678557931,8039990033,9171443265
7525866825,6022986474,7318971543,9371561168
9616462111,11685385407,11129819024,12873208252
9568127504,12292721233,11976411470,12891111715
10953451094,8531629627,9060002381,10914390760
12044443896,9235482550,8547077105,12323814211
9942843163,10332852515,8925967674,11202469629
7822154798,6891657346,7166157305,10120109781
10568640066,10731020822,12470485647,17297336110
10746256866,8586043582,8519029965,11296670062
8656397987,8384344537,8456858845,9463917693
7216710398,7744569811,9584612967,11108552732
8511245140,7674950099,6756466143,6499092721
6248580276,5815839702,5578310058,6684356579
7918786847,6202424672,5472947724,8307279259
7087867202,6160739900,7294123760,9264007405
9076223930,7127796079,7930126456,10634933956
8365257884,7300770154,8499561341,11098797262
8742369950,8606937264,7535490032,8407889221
6690561133,6290988274,6055393327,7124610859
7118745192,6600018495,6359017540,8112951243
7560375926,7745840688,7913107847,14162380100
17697614966,13761207005,10454399606,10223266284
7981223902,5592488118,5932686686,7092725662
5826327543,4963178481,5709229057,8661978262
8232748738,8742483520,11373424353,16007396119
11602184027,11083340298,9379146989,10266091865
8187793767,7841547744,7685194364,9418632395
9261360544,8952487829,9036756251,10375812101
10593770510,8938328334,9001618389,9575613522
11016482190,8639421339,9037396498,9315237036
15026184812,9708170884,8323301869,9135842103
12633099822,8374282563,7729178044,8107985495
9700119971,6244625771,6682240596,7244602479
10959003970,9400147142,11871629136,11534624471
12485559719,9835554305,12193338293,11602654072
13163557328,9379934587,8557154654,8669436617
12470259888,10396863371,8978576938,8294641437
13162822033,9728487533,9882991572,9282417558
11793055534,7317506529,6854313145,7539152900
11514538491,10875263104,11217076470,14505739237
16448762475,9442265090,8769522111,9228883296
12388056024,8038568982,9120526676,8180061416
8722961200,7437399814,8842833827,10279782399
10893104964,7900724671,7220986018,6373433660
8740261568,6493780682,5578373154,6378995827
8762836861,6507091657,6195273121,7558609143
10536428948,7421857745,7607869346,8910505057
10651945314,7137367302,7960611607,8709839975
11513451491,8921001126,8131165064,7370809660
8160049622,6431893919,6144071059,6089936209
7645687557,6272526201,6698263556,6178268566
8730676067,6904350998,7933007829,9234862903
19047695502,15984112350,11762720029,10202928917
9610763409,6668164449,5129738357,6012519579
7230869283,5461807024,4825594104,6562743669
8992138054,7852565539,9239652164,12233677896
16522908817,11013479488,10757534136,9482340640
10093318058,7589283656,7695391469,8241024814
9604850824,8880884003,9239148729,8643716918
12133632870,9422762012,8980429722,7921477469
2243561780,2407750165,2583570085,2836587745
3173995676,2554011282,2644585910,2764525058
3525433288,2641368836,2921845678,3444650044
3653114878,3200451731,3095942181,3761168985
3681727694,3142632812,3008338075,3328200553
3644706914,3272554791,3223889078,3864144599
4680060142,3940212158,4273622571,5420418877
5898850946,4725555073,4904037369,6245072564
7368732341,5885666159,6735179676,8371867961
9151975092,7149951528,5870077384,5315697328
5530132665,3701456450,3316924803,3509650002
4346948169,3109346501,3002016500,3494189571
4360685821,3105645640,3165286732,3576745354
4509213996,3426712541,3367758777,4034785290
4535996833,3597134582,3959742028,4676427378
6479945606,5213137345,5892861700,6724924429
8159296445,6532946101,6811993423,7737728093
8491368933,5595611326,4827773278,4880327430
5573934256,3961156618,3598422591,4140931579
5874737915,4252898993,4395669500,4678768639
5742289697,3996311122,3864158329,4266793905
4925206221,3712006641,3521420658,3787796645
4992800241,3842237879,3862822710,3769806612
5141075911,3908192415,3859519935,4256051194
5936749297,3872320882,3640825672,3520809548
4812282335,3549432989,3408921686,3550407472
4722740950,3571956996,3325678334,3387252041
4641819805,3379033185,3191466415,3389952809
5342175445,3949832934,3875492899,4418406665
7857797816,8014825269,7454397504,7615847262
15458458424,10712052021,8601931568,6549136917
6688388736,6418965595,6375519341,6252050146
8216168922,6729977715,7274216229,7096478291
8768988575,6867624363,6311058210,8338964351
11827205645,10573760741,12026098208,16279633259
12769841235,6918259000,5911664320,6934601677
7691160094,5481046753,6985036247,7646947244
7824363855,6398725461,7279240832,7545522564
9109548719,8008554890,8694927371,11367143125
12135165967,11143627320,10480623206,10484226808
13124065468,8265102588,6615155852,6409283638
7818882631,5861123803,5616710381,7553140121
7988063386,6329813533,7580138701,9571452853
11083948048,9381009868,9624497036,10468312399
10406104407,9027183946,9704033140,14081742411
13328329843,9784092222,8224356902,9087442501
6144304109,5788069895,5851041602,6999854073
6801414082,6753204419,6390896173,7866146961
7259456259,7145640106,6515775431,9340718239
7567625156,6877577897,6702747718,12106101495
10609028001,10816790199,14988604459,15511579472
7601577115,6006398929,6662930677,7440290556
6064203584,6338558888,7218959550,8676169682
5732550869,7411795219,6938907540,9001887466
8420482326,8578920435,10035264352,12465970158
11774742517,10890162969,9720142364,13957808243
9147639531,6941423875,5974923061,8102955231
6018754193,5363423165,6684000070,8520044545
6585077329,6627457801,8649135302,11272276641
10075646206,8881699497,9288018739,12076101623
8382203573,9073008078,11352568585,16127278764
10550263295,8718334952,8188993329,9982183800
6707968500,6237894126,5429362321,5872189849
7124397127,6535483717,6633476475,6372601693
8149443656,7017624275,7193382231,6794846110
9203886099,6806667646,6635999520,7884667026
12278130146,10347300886,11713497897,15398429457
14308179604,6806958540,5663840707,6668979073
8056928745,5488526132,6898672722,7485800616
8332111626,6117031830,7134185181,7039854002
9481412256,7611237083,8507309237,10360019704
12767245554,10714506968,10435378836,9196572239
13910007300,8944536250,6937480827,5950739541
8152791997,5894641565,5375464227,7159578787
8383625854,6316649745,6684823811,8640176192
11633345387,9263521235,8809552606,9099394421
12132455618,8491420910,9106287661,11067042253
16273401561,10231015696,8461766139,8667113933
6733345004,6500527295,6414890680,6827238153
7807679547,6855168161,7142115167,7744753584
8705040767,6939612629,6442903668,9940198932
11151595466,10502972557,13478284286,16229062320
10768432231,6721169364,6223374495,7282507498
6958708557,6063423302,6876460501,8176324715
7366893091,6896259457,7217590302,7972974059
8548320827,8069067180,9239185627,11629023412
11778194427,10951924284,10133128949,11936131349
11365346953,7509576089,6328481463,6859722054
6954247042,5798488433,5916067534,8070802709
7476625215,6499113004,8049052731,10258747524
10571059676,9103952990,9175358777,10812770883
9446528746,9011067880,9984292036,14425588088
13002612540,9659644187,8364673675,9491088557
8219794464,8467740136,9187756079,9747830552
